Transaction ID,Date,Product Category,Product Name,Quantity Sold,Unit Price,Total Revenue,Region
2cac9657-8ec1-4630-aae3-c5509bac12c2,2024-02-12,Electronics,Many,1,372.07,372.07,South
05b6b1f0-a0ce-42bc-b1a5-bdc267f46bf0,2024-07-13,Clothing,Rate,5,369.55,1847.75,North
d0554257-5cd5-4445-9d54-a309697b7594,2024-04-11,Toys,Modern,14,20.73,290.22,North
bb50c0c1-106c-4172-ae74-9f949c0ce005,2024-08-23,Clothing,Job,8,255.15,2041.2,North
e30109e2-3933-4f8b-aad0-61a17ac8d1d3,2024-12-11,Toys,Paper,7,359.43,2516.01,West
d6024f1a-0bb6-4e66-bcb8-7924877b3720,2025-01-08,Clothing,Power,15,296.69,4450.35,North
245d70b5-dff6-4d39-b2fb-40a5f674942f,2024-08-06,Clothing,Exactly,14,173.42,2427.88,South
164e88e0-b747-4e86-89fa-9a0f1f6d4887,2024-06-04,Clothing,Section,11,55.59,611.49,West
29c4b8f8-2836-4cec-aeae-2bc5edc990cf,2024-12-22,Electronics,Land,12,424.51,5094.12,East
707f7b04-72f8-47c9-adbc-4b2f8824c57d,2024-07-30,Electronics,Expert,15,270.43,4056.45,West
3ac42e3b-fd08-4cd4-824d-e5a47cb7a963,2024-12-16,Electronics,Catch,18,150.12,2702.16,East
6a3d44bf-0c2c-47e4-bcbb-403f791f6794,2024-03-25,Toys,His,7,353.76,2476.32,North
c90ec165-6cce-4cb7-ab34-fc4645a1b04a,2024-07-27,Clothing,Hair,10,492.68,4926.8,South
cfc287f4-99b6-4bd8-8216-60e44c4f1334,2024-02-29,Electronics,Accept,13,142.6,,East
533c8edb-8cc6-48b2-8671-03d103a8dbdd,2024-05-02,Clothing,Defense,12,180.86,2170.32,East
421ce8f6-6802-48ba-9ac6-b1b21b19d1a7,2024-09-25,Electronics,Since,20,319.31,6386.2,South
37c16ef7-8148-4552-9d87-8abc6380e5fc,2024-04-16,Clothing,Enough,15,192.83,2892.45,South
ccd27e68-e477-4d85-af44-aed5728e28f6,2024-11-28,Home Goods,Sing,2,118.38,236.76,North
5c5f62b6-fc52-44ae-8320-bec066b1b69d,2024-07-26,Home Goods,Society,13,137.53,1787.89,South
078f857e-19ad-4127-9a97-81c59c470222,2024-11-29,Toys,Learn,11,110.25,1212.75,West
dc4b3037-7737-4325-86c0-250d50d14cf9,2024-07-12,Books,Past,15,75.72,1135.8,South
5e4ac157-10c4-4efc-9584-9ed597801eab,2024-05-26,Clothing,Although,18,271.79,4892.22,West
f8759015-adbe-42dd-aa32-bf2a18a7d03f,2024-09-20,Toys,Account,13,184.19,2394.47,South
eeccbdaf-c671-48e4-a7b1-7453fcd5a19d,2024-05-17,Toys,Tree,16,50.0,800.0,North
14ced471-5a0e-4815-9201-9b0120c71509,2024-08-17,Electronics,Stand,5,315.59,1577.95,West
16f633c0-2a28-426c-94a1-f8d72d3219b7,2024-08-14,Toys,Enter,3,195.46,,West
de28b705-78e6-4809-b80a-4ea28ff8203c,2024-04-02,Toys,Number,9,485.68,4371.12,North
9ff51182-42ec-4a30-8500-dc42e172bc34,2024-09-13,Electronics,Order,18,376.68,6780.24,East
703e1726-93ac-4544-8d42-3ffba19ff543,2024-09-16,Electronics,Speak,10,220.21,2202.1,West
ba924a61-9fbe-44c7-87e2-62e3db779105,2024-12-27,Electronics,So,9,486.08,4374.72,South
dd41ba1a-e665-4cda-816b-facd34a0c336,2024-07-23,Toys,Hair,4,435.91,1743.64,East
45f23721-20c3-4ef4-8a7b-84762852bee5,2024-04-14,Toys,Serious,20,103.46,2069.2,East
87c2befe-56d6-4411-8356-8c5eb06da148,2024-09-15,Clothing,College,18,476.98,8585.64,North
16be4aaa-b5b1-4682-8384-140b5d8f0df3,2024-10-11,Toys,Stuff,11,246.86,2715.46,North
52a6e5bb-9938-4f9d-aa47-74ac93a4ac88,2024-08-29,Home Goods,General,10,123.53,1235.3,South
f50fc78d-e489-4394-9799-309a5b963527,2024-04-09,Toys,Property,3,47.4,142.2,West
770d5402-419f-41d2-80fc-e641a14169d7,2024-06-08,Electronics,Big,18,384.09,6913.62,South
55deef49-4d1e-419d-92be-2c580b0c50b3,2024-06-08,Books,Assume,18,86.74,1561.32,West
081facb0-6f8b-483a-8552-fc65adb869e9,2024-06-04,Clothing,Main,18,378.86,6819.48,South
1047d22d-c7dc-41b9-a54a-b9c9727aef5d,2024-07-16,Home Goods,Hundred,13,497.6,6468.8,East
129a9e34-280e-4741-939c-eda19f31ad3a,2024-01-24,Books,Edge,17,228.49,3884.33,South
8509f31e-4026-4f6f-a1fa-e0dd3b95a5a6,2024-05-09,Clothing,Become,3,172.35,517.05,South
51de47d8-96f3-4b26-9678-b773ff839c6f,2024-09-17,Toys,Nor,8,8.56,68.48,North
c0d6470b-d55a-46d7-9cee-a9f06a65e31f,2024-06-18,Clothing,Medical,3,453.18,1359.54,East
a6ea56f1-ac21-419d-b704-721acbce4947,2024-06-15,Electronics,Against,17,122.81,2087.77,West
0f3ad52b-0ae9-4a4e-841b-0b34324e68d6,2024-06-24,Clothing,Indicate,18,70.49,1268.82,West
f3be9545-edc3-4afe-8289-325b71cc89d7,2024-03-04,Clothing,Hospital,16,404.71,6475.36,South
c8a1d6b7-7f1a-47fd-a039-5e5e8e68224d,2024-04-01,Electronics,Character,4,331.2,1324.8,East
0e710046-8497-4786-8f61-011d8d7c8095,2024-11-30,Books,Democratic,14,236.18,3306.52,North
60323375-edf0-4777-a5f8-b42d0884b3cd,2024-02-29,Electronics,Before,2,204.3,408.6,East
b2c9356b-289f-47ae-8243-52934833d919,2024-05-22,Electronics,Heavy,8,99.84,798.72,West
b5739c3a-4029-4325-a72c-d394634a5429,2024-03-19,Clothing,Edge,14,95.83,1341.62,West
e58bf098-0ffe-42bd-8351-0bbc9d05d8ce,2024-11-13,Clothing,Best,3,224.35,673.05,North
21c9e7d1-fbf6-4283-a191-9b9dc402ef96,2024-08-07,Electronics,Material,18,418.83,7538.94,North
bf901bf1-35e6-484e-b51f-d6f9c024b0de,2024-02-22,Clothing,Collection,6,206.17,,West
8a39923d-404f-4b88-b424-4e1eeb0d1543,2024-08-12,Clothing,Cut,13,451.71,5872.23,South
d6f82223-ea70-43dc-a7bf-64089016681e,2024-12-13,Books,Number,1,492.73,492.73,East
fef29f3f-fdf6-4862-a955-aa1a9a655fc4,2024-09-19,Books,Sea,10,214.39,,West
1d944f8d-72d6-4cbe-8f4e-f9f7639d4491,2024-10-08,Clothing,Listen,7,151.87,1063.09,North
153fb9b3-30bb-42f9-a5d1-5fec36c175c8,2024-12-02,Toys,A,18,35.17,633.06,East
92b35496-3e4b-4b97-a002-c170cf6b3f9f,2024-04-25,Electronics,Specific,2,294.17,588.34,South
9bfab20e-9a70-4ba2-b04e-a481dd2202de,2024-12-21,Electronics,All,17,44.66,759.22,South
5a7722d3-c9d0-46f3-ac07-cbbd4272704f,2024-11-17,Electronics,East,20,38.64,772.8,South
dd5faea3-1a25-40f3-971a-387afb2a0905,2024-10-29,Books,Product,4,471.09,1884.36,South
c8a3f4e6-2ff9-4472-937f-776fc1e73c75,2024-03-29,Toys,Write,20,24.67,493.4,North
785cd948-c36c-48f0-9e37-cbd5b7372558,2024-12-25,Books,Idea,19,284.79,5411.01,East
a476f73a-fd6b-4ff5-8d1a-1485d156fa98,2024-04-20,Home Goods,Yeah,7,336.51,2355.57,East
fd3520e3-8f24-4d1c-9b89-f765728b5430,2025-01-11,Clothing,Feeling,9,200.91,1808.19,East
be5a0aa2-0aaa-4637-ab26-7d643dd01919,2025-01-17,Books,Data,11,464.86,5113.46,North
3002e026-5e99-4bf2-a6c3-322d59765538,2024-04-23,Electronics,Few,15,312.47,4687.05,North
23dffb6f-3be4-4544-8ab3-796a4d8fec6e,2024-09-15,Electronics,Young,18,110.51,1989.18,East
2d2f31e6-c26c-4ef1-a048-f1be550d8fc3,2024-03-24,Clothing,Fine,12,441.03,5292.36,South
0dd5f5cd-b7b8-4524-be49-fe2918ef749f,2024-06-24,Home Goods,Significant,10,83.08,830.8,East
88c1461c-369d-40c1-ad51-9c8aaf5065a9,2024-04-15,Toys,General,17,8.87,150.79,East
e0923d34-f784-427d-aff8-8171073a0ece,2024-06-21,Electronics,Long,5,135.91,679.55,North
ecb6b6f7-4102-4c0d-bcf1-76b4bccecf2d,2024-08-10,Toys,Job,5,139.81,699.05,South
097be4ce-fe84-4442-9eee-9c6f8475b834,2024-07-17,Home Goods,Network,7,345.31,2417.17,East
573ae74f-dec3-433f-a1ab-682e5917f5f7,2024-05-29,Toys,Really,16,129.31,2068.96,North
9d39bef1-f3c8-4022-a8b0-0c7e16201a66,2025-01-04,Electronics,Throw,14,415.53,5817.42,North
6d2eeaf4-b80a-4df3-a5b6-ad7fafd4c3d3,2024-10-17,Electronics,Least,11,386.7,4253.7,East
bf280e44-2503-40e9-b0fc-367983b62b1e,2024-03-27,Clothing,Expect,15,278.08,4171.2,West
e678f6c3-b700-4afc-b7c4-38d6d27df904,2024-03-03,Toys,Owner,1,60.38,60.38,South
3bbf8567-3535-49aa-ae40-775da50c0c5f,2024-12-28,Toys,Matter,2,418.12,836.24,South
39eb74de-e01e-49e0-85aa-700cf6e6c557,2024-06-26,Books,Forward,5,25.71,128.55,East
ecd11141-71df-4b77-9dce-792e68edb36b,2024-11-05,Electronics,Mother,12,108.99,1307.88,South
332704f6-6ee3-4931-861a-9480058e12c4,2025-01-01,Electronics,Soon,12,391.16,4693.92,West
85c72e13-fde6-4c58-a328-f8f0af5c5500,2024-08-23,Toys,Age,5,463.25,2316.25,South
cfa3b90f-12d9-4aa3-9536-bf54a76f5196,2025-01-20,Clothing,Any,6,441.3,2647.8,North
60fcab9d-882f-45cb-ad82-93eb641c9714,2024-05-01,Clothing,Wait,11,392.28,4315.08,West
7df30ba6-1a9e-40ac-a45e-a4e953f44e08,2024-06-16,Clothing,Heart,9,83.8,754.2,North
31442d7f-a112-4fa0-ad03-9d7b55eb86ab,2024-04-29,Books,Per,2,430.0,860.0,South
a677109b-4de3-4abb-8bb3-0abe0d72a804,2024-08-07,Clothing,Sister,15,178.08,2671.2,South
d7aa9eca-c1b3-42f6-8881-91ad6b46ead4,2024-11-09,Clothing,Part,1,331.72,331.72,West
def95a12-0bfa-439c-bb67-51e94f71685e,2024-02-29,Home Goods,Where,9,432.85,3895.65,East
392a167b-74f0-4ace-8327-5786e3ee8f50,2024-11-14,Home Goods,Food,17,202.84,3448.28,East
3e024ef4-2ba8-4028-9cae-e8e3d546a07f,2024-02-15,Electronics,President,4,439.13,1756.52,East
90e08c00-6e9e-4ddd-81b3-265c4c8f3b8e,2024-11-25,Clothing,Everyone,19,481.45,9147.55,East
c1f85db5-df93-4141-9337-16391c0a5856,2024-02-15,Electronics,Offer,4,300.3,1201.2,East
c45bb343-f8c7-4987-b37f-47fa7f796864,2024-08-10,Home Goods,Economy,14,305.07,4270.98,North
65bd6baf-87a6-45dc-b5b6-29e5e4208ed6,2024-04-21,Books,Yet,19,99.09,1882.71,North
50d0ae61-5f31-4d23-8fc0-10e07919439c,2024-05-15,Books,Test,1,262.36,262.36,South
5db8b87f-5ebb-45c7-b851-8f15e99242d1,2024-03-25,Home Goods,Phone,14,39.64,554.96,East
b9b22fc4-b42c-47e0-835b-96334a6efd13,2024-07-20,Toys,Computer,11,333.38,3667.18,North
ba28ada3-baf7-4a95-a188-9fb4ecadeda0,2024-04-04,Home Goods,Throw,17,158.1,2687.7,West
ecd85a70-66f5-4f99-9799-4e06ca4b682c,2024-07-05,Home Goods,Add,13,350.12,4551.56,South
d64a97a5-ac9c-4d4e-8824-07e004af3545,2024-04-22,Clothing,Order,14,334.14,4677.96,West
e9c20647-76c1-40c7-8c3b-8510f7a7b435,2025-01-19,Clothing,Up,20,286.71,5734.2,West
0438eb5b-1542-4d21-89bf-622c03c74903,2024-08-18,Toys,Moment,1,155.42,155.42,South
fffc044a-9fbb-48af-836c-bef37cfe68af,2024-04-06,Books,Style,19,305.3,5800.7,East
429b092e-0bfe-4e5e-b795-516fba46ae9b,2024-09-30,Books,Yard,15,223.87,,South
68bcf24e-6b3e-4499-b6c7-b3d837bbdb0d,2024-04-18,Toys,Clearly,16,397.9,6366.4,South
b469ff47-4b10-406a-8036-a2a2321d2d3d,2024-02-13,Electronics,Ready,10,260.15,2601.5,East
79aca374-3b6c-4b94-b0ba-d2fd407c3aa6,2024-05-27,Electronics,Describe,8,338.03,2704.24,South
d2eca47a-e0db-4862-9f35-47d1e4939d6d,2024-12-28,Clothing,Star,5,17.09,85.45,South
0c44c183-5705-438c-be69-145b15af7ec8,2024-09-11,Books,Yes,20,425.62,8512.4,North
5ee6004d-f32b-46c9-a2a4-fbc261deae4a,2024-09-08,Books,Include,14,443.64,6210.96,South
f80052fc-10ab-4ada-919f-08139f6fcfa6,2024-11-21,Books,Spring,16,202.83,3245.28,South
e06aa100-d790-470c-bdc7-438e50e7e5da,2024-05-18,Electronics,Prove,4,390.32,1561.28,South
ad2b73bf-1217-4f45-a11d-1b1b102edc09,2024-09-04,Clothing,Walk,17,234.95,3994.15,South
1d8205cb-725c-4691-a141-c76f86d1448b,2024-09-28,Electronics,Learn,15,71.0,1065.0,West
d2e369c5-c656-4466-9e87-d48aa8806916,2024-01-25,Toys,Dinner,18,299.75,5395.5,West
cc2e83d8-f134-48fd-aa39-9a8af8b6d78f,2025-01-13,Toys,Discussion,17,216.24,3676.08,West
992ec900-1a31-4e52-b441-15308f34402f,2024-04-18,Clothing,Operation,16,227.78,3644.48,South
5a9635e1-0133-43b7-8ab2-aff36b84db4a,2024-04-28,Home Goods,Step,17,244.88,4162.96,South
739ace58-e78e-49ec-8890-66b6f9595605,2024-05-27,Home Goods,Suffer,15,43.35,650.25,East
3d202fad-4f09-4cbe-a2b2-b67165fba570,2024-11-13,Clothing,Large,9,171.24,1541.16,North
079e9a84-43b6-47d8-9b61-26e4839dbe2d,2025-01-06,Clothing,Interview,5,119.47,597.35,South
eb7528ca-7793-4da9-989e-b04b169a2653,2024-07-03,Clothing,Important,3,210.36,631.08,East
9a225e09-8a93-4136-8381-cdabe0fee206,2024-05-22,Toys,Set,15,210.81,3162.15,South
2d86d5c4-ced6-4a67-9d07-2bb106ddc1a7,2024-06-03,Books,Enter,13,452.9,5887.7,North
b15e20ec-6bb9-4519-a38c-3508b398b698,2024-11-13,Toys,Age,13,241.1,3134.3,East
4e65723c-1ccd-458c-8c00-d3a3fe627918,2024-12-21,Home Goods,Value,13,427.46,5556.98,West
2a50c181-74ca-4f7b-ae16-738bee986414,2024-11-10,Toys,Mr,18,400.93,7216.74,South
0e3811d4-e633-4482-ad81-9e21c9f1241d,2024-07-29,Books,Memory,8,140.1,1120.8,West
191a625f-53fa-44de-89e8-67aeb51e9710,2024-03-18,Electronics,House,13,171.38,2227.94,West
1a64a558-9852-4a8d-8700-ef329d6b907f,2024-11-03,Clothing,Have,15,460.17,6902.55,North
b6d38c5c-621b-404f-bf23-7baacf28100c,2024-08-31,Books,High,19,284.37,5403.03,North
e6d3c27f-f5d8-4f12-9735-3125ca3c7ac9,2024-03-16,Electronics,Back,14,72.17,1010.38,West
e5130ddf-3306-4782-8cd7-160220ba1587,2024-07-11,Clothing,Though,2,133.78,267.56,East
578f03a2-2b49-49a8-84a2-f52c9737f2a5,2024-12-12,Clothing,Bed,15,166.79,2501.85,West
1f6e98a8-113d-4d55-be6e-90346daeefe8,2024-09-17,Home Goods,Middle,14,129.87,1818.18,North
1489fa2c-adb5-4817-ab92-63e58a80bfa9,2024-02-18,Books,Theory,1,375.77,375.77,North
8476a79c-a785-45e5-95b8-72d8c78dc836,2024-07-12,Home Goods,Team,8,326.82,2614.56,North
ef703a85-7874-4379-be88-faef69b426bc,2024-05-19,Electronics,Less,8,103.68,829.44,North
f5cba05d-72a7-4a6e-9f65-f354276a6b08,2024-10-16,Toys,Shoulder,5,123.08,615.4,West
ef9a07f1-6bc6-4810-bd43-3f658a7c3ee2,2024-09-20,Electronics,Realize,19,474.14,9008.66,West
b5031f8e-42de-463a-982d-3fc2362523e7,2024-02-18,Home Goods,Who,12,88.06,1056.72,North
65968b75-6232-44e8-9e03-d5da2aef8888,2024-06-29,Clothing,Memory,10,58.51,585.1,North
e5099713-0f15-4d3e-9b26-4521c4759d9b,2024-02-10,Home Goods,Decade,19,340.29,,West
47493477-5069-46da-81e9-e6748a74b70c,2024-05-21,Books,Authority,7,42.62,298.34,South
aad39e2b-7438-40bf-8c97-261c48be91a2,2024-11-22,Electronics,Character,10,425.9,4259.0,North
c791dc9f-9d46-428d-8382-2f513644d5dc,2024-09-30,Toys,Church,2,176.87,353.74,West
2b66811b-246c-4228-8069-32b5a7eea95d,2024-11-24,Home Goods,Part,3,255.45,766.35,East
cbc8b5e5-cd5f-4fb8-806c-0a91f85d077d,2024-10-04,Electronics,Offer,14,412.05,5768.7,North
76cfe86f-3c69-4e7d-8528-a6caac6da250,2024-01-23,Books,Receive,12,319.61,3835.32,West
ce4cdc33-cd9b-4dfe-849d-f6c376032dff,2024-02-02,Clothing,Prepare,14,92.19,1290.66,East
d95f6a26-de03-45a5-a69c-2457271c3b9e,2024-02-24,Toys,Public,18,388.45,6992.1,West
1c599a61-4fbb-4a0a-83bf-d4112b4750f8,2024-10-01,Books,On,19,137.86,2619.34,South
4040111a-ea8c-4c9a-bae0-15ac3526dd59,2024-06-11,Electronics,Own,9,441.41,3972.69,South
388aa97b-9611-4a97-9031-66b114006f83,2024-11-18,Books,Election,19,307.11,5835.09,West
202fc064-1f6d-4a6d-aa20-af5d1b7e39ef,2024-03-23,Home Goods,National,1,249.68,249.68,East
0fef3a87-b63d-4bdf-8833-c384ac9a1ae6,2024-07-19,Clothing,Indicate,16,110.0,1760.0,East
400e7bc2-fa44-4551-a003-7144598cfd82,2024-11-19,Home Goods,Left,9,440.76,3966.84,East
aed7b808-f034-44ac-94bc-bc1dc6d7f0f8,2024-12-08,Toys,Brother,1,260.73,260.73,South
bf6c3066-9b8e-41a8-b2b2-dabab6f6a31e,2024-02-27,Electronics,Share,8,361.44,2891.52,West
e1d77136-a72d-4b21-90ed-47fd7b268731,2024-08-15,Toys,Become,8,346.85,2774.8,West
6bcdf675-4bac-4fbd-b3b6-faa50a0829dc,2024-03-31,Books,Because,1,51.06,51.06,South
778157be-55ee-4312-b6ec-3731de304aa8,2024-03-09,Books,Because,8,156.57,1252.56,East
c3bab03f-8311-479f-a448-c23c9b989b0a,2024-06-17,Books,Area,18,267.81,4820.58,West
76be223d-cd31-4223-bf5f-60acc5e38a73,2024-11-09,Toys,Better,11,179.15,1970.65,West
3085d32f-f3d2-48c0-8bdc-69197e562cd0,2025-01-01,Home Goods,Big,10,129.44,1294.4,North
e86b7924-ff86-485a-b17c-f5acbaf7a26c,2025-01-10,Clothing,Trouble,11,64.18,705.98,South
4c80161d-ad4c-4f20-894d-ef9087130813,2024-09-10,Clothing,Reach,7,370.61,2594.27,East
cbdbd142-518a-40c1-aa50-f221c0df6859,2024-06-12,Toys,After,17,300.41,5106.97,North
7d315424-2308-4711-ad1e-8dc6054db86c,2024-08-01,Clothing,Treatment,10,117.6,1176.0,South
566fb717-0df2-4eda-ac89-d8502b183b8f,2024-08-03,Home Goods,Land,1,355.47,355.47,South
f7ebb038-c3b4-4b08-8305-686b3b31847e,2024-11-13,Home Goods,Certain,2,487.28,974.56,East
37a3a3a1-b11f-4936-a26e-9b30173fffa8,2024-02-28,Clothing,Cost,16,55.78,892.48,North
72b5021b-5f92-48ff-b48a-85eb6924172a,2024-09-24,Toys,Scene,10,237.35,2373.5,West
6df873f9-04a6-4c9f-8650-b4ba0164898e,2024-12-27,Home Goods,Explain,6,482.92,2897.52,East
7d204885-8827-4a22-9e2a-f60eb6e15172,2024-11-08,Books,Teacher,4,411.95,1647.8,West
1006bc72-ea0b-4470-97db-cb6b36611cc7,2024-03-24,Books,Agree,3,290.63,871.89,North
0ea895b9-58c0-4b07-bccd-2e6d81a30aba,2024-06-01,Clothing,Rule,5,406.52,2032.6,East
fde10e42-d794-47f5-8f88-56a2fd909d21,2024-01-22,Electronics,Account,8,63.63,509.04,West
6df8e18e-11ff-4f9a-b1b1-0ec2f28135f7,2024-04-17,Toys,Large,20,396.42,7928.4,South
97475256-1878-46a8-a559-07afbc80341e,2024-09-06,Toys,Check,13,228.0,2964.0,West
9000ce0c-d326-487c-b26f-792db4c6c60f,2024-08-17,Home Goods,Ball,19,495.07,9406.33,East
528db23e-0c33-4b0e-b5e1-ba6202f6b83a,2024-06-09,Toys,Will,20,34.81,696.2,North
c83e0d13-26b4-459a-b5e5-a08ac6d0e76f,2024-06-21,Clothing,News,7,136.0,952.0,North
f5d6788a-d91e-4e4c-a5be-35000d54f2c7,2024-02-27,Clothing,View,8,91.04,728.32,North
9ab57cff-f2a3-4014-9e63-b2b93bf64905,2024-08-09,Clothing,Start,1,207.22,207.22,West
3f15c667-0214-40aa-be4b-e5e6762d04e6,2024-05-27,Home Goods,Risk,2,119.58,239.16,East
7e53f198-b35c-4fbf-a5ab-01056a77a6bc,2024-12-11,Books,Expect,3,345.26,1035.78,East
635d1de4-d6af-4713-9eeb-c60f8ae4cde3,2024-08-25,Toys,Reflect,7,215.44,1508.08,South
7e1c8af8-49c4-4b95-b71d-6aa497a7b719,2024-05-10,Clothing,Civil,9,414.18,3727.62,North
cf2c53ae-38c1-4882-b391-dd01a44291f1,2024-11-27,Electronics,State,6,397.35,2384.1,East
74ecb9d8-3e9d-4899-8392-ae1e2199d1f9,2024-10-25,Books,What,4,237.01,948.04,East
2f5bd65c-e143-4d1f-88f2-02ae6432bdfb,2024-02-25,Books,Move,9,252.73,2274.57,West
473e7fa4-a7fc-4a95-b436-fd05390a9580,2024-12-23,Books,Care,3,301.03,903.09,West
396cba5b-4138-4cb0-96df-5f69e45d0ecd,2024-03-12,Home Goods,Fire,20,128.93,2578.6,North
359fcd4f-0d0a-4e53-8480-58794a9695ec,2024-06-01,Clothing,Follow,19,295.63,5616.97,North
47c5c393-7345-4f76-bf9f-dd6dfe79d52b,2024-03-30,Home Goods,Listen,19,24.91,473.29,South
5fe755a4-108c-4873-bce6-2be23cf46b47,2024-06-15,Books,Window,17,327.5,5567.5,East
f285e469-6179-4f66-89e2-2aee8dcf8cd1,2024-02-08,Clothing,Politics,19,220.76,4194.44,West
bff2d44e-eed8-4f79-a631-8f955430de12,2024-08-09,Electronics,Write,16,177.24,2835.84,East
0ed484ad-7504-4e50-a2fc-b71b46c544b2,2025-01-11,Home Goods,Any,4,429.58,1718.32,East
cbcbfe66-273f-4686-8f5d-39e4c746d65b,2024-04-29,Books,Certainly,16,147.67,2362.72,West
6be7c355-43f5-4502-8366-7390abd8fda4,2024-02-02,Toys,Television,2,230.14,460.28,East
79659fb8-c228-4a0e-a355-1dbb652c20d7,2024-09-09,Home Goods,Together,11,62.38,686.18,West
c6c847ad-43f7-488f-8e6d-d3f37b581d82,2024-07-17,Toys,For,1,330.54,330.54,West
338bc140-b9c9-42ca-a29d-8bcf1b595371,2024-04-25,Books,Open,2,97.85,195.7,East
94486f9c-16ed-43a7-baca-e5529a2429f9,2024-07-20,Toys,Unit,16,314.58,5033.28,North
36f515e0-04aa-4848-9b96-1d585d451049,2024-11-30,Clothing,Source,9,276.86,2491.74,East
4811ec4e-1029-47a4-a665-dfd0fab0eafd,2024-07-06,Books,Under,16,65.11,1041.76,South
3fe1395d-9e51-4ade-a2cc-8d0542f18228,2024-07-10,Clothing,Late,10,277.67,2776.7,West
609c654e-739e-41dc-8ab4-edbee018cd78,2024-06-03,Electronics,In,8,496.17,3969.36,North
bbf577ef-e93e-45c6-8798-f1cbf4781849,2024-03-19,Books,Control,4,325.62,1302.48,South
6efdb448-c06e-40e6-822b-84c5cd2d9c32,2024-08-14,Books,Above,10,256.89,2568.9,East
d4cf4011-155d-4170-ad65-26ec463437f4,2024-09-26,Books,Those,16,490.22,7843.52,South
2c4ecee3-e3d9-4bec-8bdc-8b373ecf13ba,2024-07-11,Books,Why,18,76.6,1378.8,South
23d03aa2-53b5-49f7-a4e5-ece86d0e3885,2024-06-15,Toys,Debate,17,374.41,6364.97,South
f6cbda4b-95ac-4bde-9a3d-7c9c0112a115,2024-05-14,Electronics,Most,9,387.47,3487.23,West
4d452ae5-73c0-4e58-b67e-2a60a66129e1,2024-12-11,Home Goods,Center,17,137.25,2333.25,North
fe04bf24-6c0a-428c-9e3e-c0dab72e2c8b,2024-09-12,Home Goods,Sell,10,419.55,4195.5,West
6f9de08a-6673-4693-9013-747ce7aefb8f,2024-10-22,Clothing,Themselves,15,271.6,4074.0,East
1e0f4834-3298-44f5-a8b5-2d2970236b30,2024-12-07,Home Goods,Church,18,382.62,6887.16,West
77002a4c-d349-459f-ae0a-07ed87578bf1,2024-03-28,Books,May,11,435.45,4789.95,South
ee3778d4-6dda-4b3f-87eb-ee1a6bca1bfb,2024-03-07,Toys,Long,13,120.61,1567.93,West
bbfc826a-671f-4294-961d-c54dee484924,2024-12-19,Electronics,Final,11,373.63,4109.93,West
8000d56e-43d0-439f-b2aa-e723d09999b6,2024-07-16,Books,Speech,5,250.19,1250.95,North
21c10dd5-2e1b-4c51-b2d8-1aa5821f3632,2024-06-07,Clothing,Pattern,17,482.85,8208.45,East
87206a37-dba1-4ca9-bb60-1f7307bc18bd,2024-09-03,Electronics,Shoulder,15,54.36,815.4,West
1988ca74-7bcb-4d08-bf03-9dbc10fd6d5a,2024-03-10,Electronics,Office,5,207.94,1039.7,South
bc665642-5c14-45cc-830d-c587ef164a2f,2024-06-24,Electronics,Sport,16,391.86,6269.76,East
4556ebac-0144-493d-acaa-5a5e49e9c9a6,2024-09-01,Home Goods,Bit,20,347.89,6957.8,North
735da60d-74ff-452c-b15a-aa396ad9a72a,2024-06-07,Home Goods,Official,18,193.1,3475.8,East
8b6720ef-fc58-4c4a-8fcb-f72de3757eea,2024-11-21,Books,Teach,18,22.77,409.86,North
597594aa-d780-4522-9ad8-374e630a3094,2024-09-23,Clothing,Theory,10,498.73,4987.3,North
ec44792b-1951-40b6-b68e-69b8d80567f7,2024-10-17,Books,Week,4,381.38,1525.52,North
09f35e19-1845-4c26-b2ab-3f0e77d45d5e,2024-08-15,Books,Society,6,348.53,2091.18,North
2c69cc7f-718c-4748-83d4-1f494557a924,2024-12-11,Electronics,Anything,11,399.09,4389.99,East
0a90edee-8532-4721-833e-01ce11903a1b,2024-12-04,Home Goods,Operation,12,218.19,2618.28,South
3cf1dad5-b1cb-400c-a636-4af613add0a0,2024-02-18,Toys,Executive,14,285.13,3991.82,South
3549aa1d-a574-40ae-835f-a93283b32b69,2024-09-08,Clothing,Develop,6,44.09,264.54,West
fa07394b-385d-4e95-9a41-ad16381304f3,2024-11-25,Toys,Life,8,251.35,2010.8,South
56084391-19ee-4091-8a15-c056eee867be,2024-02-28,Clothing,Mouth,15,320.76,4811.4,West
26586a5d-ecaf-43bf-b84e-30eb3c59b8b8,2024-09-27,Home Goods,Husband,1,449.96,449.96,West
90ec01bc-3731-4d94-a51d-67e9a4f4e278,2024-02-02,Home Goods,Street,18,83.2,1497.6,West
69c368ae-4fae-4617-9353-43495145820d,2024-04-26,Home Goods,However,19,153.08,2908.52,West
ea227098-7eda-45fc-a1ad-597a96cb82e5,2024-05-12,Home Goods,These,15,423.43,6351.45,South
74c480bb-6fef-4d37-8dff-3c27a60b1355,2024-08-11,Books,Account,16,57.79,924.64,West
d5508d02-1c6f-46f9-9b03-f7448a806acf,2024-09-14,Toys,Civil,12,289.53,3474.36,East
14cfe1c2-a110-4ec3-ad37-3d6eebe74fa2,2024-04-30,Electronics,Already,13,140.87,1831.31,North
d5fd71ee-7476-4bf8-8e0a-c6c4ce968556,2024-10-01,Toys,Do,16,417.26,6676.16,East
b5e9c717-131b-496f-add3-3bb5c9922f13,2024-05-19,Clothing,Position,20,401.96,8039.2,South
fe739c98-5007-4fde-a191-73a66eeed2c6,2024-09-07,Clothing,Member,20,129.06,2581.2,South
34b84423-e277-4cdb-8314-14cbf81d4b7f,2024-07-13,Electronics,Scientist,2,157.92,315.84,West
12cda968-332a-44ab-81af-e7a2edbe2418,2024-05-11,Electronics,Near,19,185.61,3526.59,South
49b85039-9bd4-4843-bc48-7d0ed6176fb5,2024-06-26,Electronics,Toward,10,166.73,1667.3,West
f835653b-1c75-40f9-adfc-f778ef6dff48,2024-06-06,Clothing,Conference,7,70.42,492.94,East
19618ec6-4a65-4f92-bc0d-64953fbfd907,2024-03-09,Toys,Difficult,17,457.18,7772.06,South
ea4d2731-1909-4e8d-b24e-8bff71c96e6b,2024-05-20,Home Goods,Entire,16,483.86,7741.76,East
6a68fc6c-f7ed-4b70-a115-75ef285db926,2024-06-16,Home Goods,Several,4,236.82,947.28,North
74571431-f2e4-4761-bf6c-0a7f2bdb73e0,2024-04-18,Clothing,Popular,8,430.77,3446.16,West
ecfda6a8-4b07-453b-a539-69bd7a38cdc9,2024-11-25,Toys,Team,12,49.7,596.4,West
23c786ec-449d-4612-91f0-44dc7a7469d4,2024-11-07,Electronics,Bill,9,270.6,2435.4,West
5ed899f1-dfde-475a-a866-c09d54a214bb,2024-09-06,Home Goods,Senior,9,294.36,2649.24,East
fd7bcbcc-d3bf-46a1-b941-cfa5711229e1,2024-08-06,Electronics,Grow,8,238.38,1907.04,East
a103983d-5bb1-4ff1-88a5-24d61fb95d41,2024-05-18,Toys,Region,8,325.59,2604.72,West
73a8345b-e6d3-4feb-8e93-2b6fd656ea5c,2024-12-15,Home Goods,Seven,14,62.75,878.5,North
fbb5382e-75f7-421f-b158-ff20979f3540,2024-07-26,Electronics,Coach,10,497.98,4979.8,North
5b97a577-642d-4274-a24b-564c38dadc84,2024-02-23,Electronics,As,8,444.19,3553.52,South
faf54479-29a8-46a7-a3d0-799453765af4,2024-09-09,Books,Thing,15,188.65,2829.75,West
988d9af0-f14f-4fb7-bc45-ffe0181621d0,2024-03-06,Toys,Also,5,443.28,2216.4,North
42671956-c987-486e-afad-ea9f675f453b,2024-07-22,Books,Arrive,20,207.02,4140.4,East
2d14cb4b-2b8a-4c20-8981-1eb6dd7943fe,2024-07-31,Electronics,Also,12,112.55,1350.6,West
3d9036e1-daa2-4f74-807b-0b3e32e56fec,2025-01-16,Clothing,Practice,12,54.18,650.16,East
7a4c8b68-0a89-4b4f-aefc-0cda590b7863,2024-06-22,Toys,Knowledge,12,34.97,419.64,East
a9c371fc-dbff-4069-8e51-61c87b8fe865,2024-08-29,Clothing,Fill,4,474.76,1899.04,West
a1bea6e2-6481-4e95-ae70-400349f4edc9,2024-05-10,Electronics,Image,7,322.64,2258.48,North
9ff41b41-89ea-4c1e-b199-2dd32cbfa3a2,2024-12-11,Electronics,Age,11,125.57,1381.27,South
9ac8c3ef-1b4e-4e34-8719-37e47fb4d86f,2024-04-17,Toys,Religious,7,38.96,272.72,South
dc03044e-7566-4a3f-90d9-fda292a87503,2024-05-30,Toys,Sea,7,407.46,2852.22,South
d4d010ff-ceb2-4d57-8f03-9958ea6b87dc,2024-12-29,Home Goods,Door,5,395.38,1976.9,North
ebb4c451-1a1e-4341-b92a-9f8fcac2c74b,2024-10-19,Home Goods,Laugh,5,493.83,2469.15,East
71e85a0d-bd9b-442e-8858-17f7a41e08b6,2024-03-09,Clothing,White,4,332.22,1328.88,North
9f43f19c-8b1b-427c-bc1f-0f790fc86325,2024-06-15,Clothing,Dream,1,182.33,182.33,South
4c0c5771-2043-42bd-9f14-104b6ccd9012,2024-07-04,Toys,Send,11,12.81,140.91,East
cb2e0aef-11a2-426a-a44e-2fa5697ff9c5,2024-02-12,Electronics,Shake,5,372.15,1860.75,North
4c62b5c8-1bc2-4c6c-9782-42ed6ffb5203,2024-07-19,Electronics,Sport,16,226.9,3630.4,East
fda92491-6957-4c25-81cc-bec62aa001ac,2024-10-30,Toys,Information,19,58.98,1120.62,South
0daa8006-72fb-404f-a741-d778f4d5e134,2024-07-19,Toys,Under,2,364.99,729.98,East
a07eb1b6-b9be-45fb-a0ed-d5a128f5abdd,2024-07-16,Books,Explain,1,35.11,35.11,West
21443b35-5a1d-403b-945c-6976b46bde76,2024-12-26,Books,Than,14,344.62,4824.68,West
243c4277-e144-4bf5-b895-a9750e15b675,2024-04-28,Books,Fear,3,450.14,1350.42,East
bdd8c2ed-7a62-4bd7-97db-3e1cb6ccf4fd,2024-06-21,Toys,Way,5,37.51,187.55,East
b2adbb7e-7143-4eee-94cc-a6e39d5e2f6e,2024-01-30,Toys,Charge,19,276.44,5252.36,East
99c61f4a-4abd-4ebb-bf7b-70a4424994ef,2024-05-13,Books,Simple,20,267.63,5352.6,West
110d00ca-020a-42f0-af9b-0aa4fecb48dc,2024-04-26,Toys,Wind,20,217.95,4359.0,North
5139bd7e-8e1d-4771-abc4-887b452af8c8,2025-01-02,Toys,Range,7,217.88,1525.16,South
17b36355-3069-4b9e-9bb5-8a65e0c60baf,2024-10-27,Books,International,11,414.57,4560.27,West
9f5ddf40-e402-488d-9a8d-33dc6a0ceadf,2024-09-27,Books,With,4,159.71,638.84,East
cb8ff31e-aae3-46fc-afa6-dae7afce9558,2024-02-21,Home Goods,Real,12,477.03,5724.36,West
a33e47d5-7205-43c1-9ed5-ce323ffcc2d1,2024-07-25,Electronics,Difficult,3,416.73,1250.19,North
05a6f96e-7c9d-4d73-a51f-081a1561cb19,2024-09-10,Books,Indicate,4,373.57,1494.28,East
bb4e965f-ae83-4a9e-bec7-f1707fef7e4c,2024-04-05,Clothing,Ten,18,34.69,624.42,East
4eba7265-ec2d-414c-a01e-1baa9fd81755,2024-02-22,Electronics,Member,14,180.03,2520.42,West
3d7bf259-16c0-4781-893f-c6f8ae70c05e,2024-11-06,Electronics,Miss,10,302.2,3022.0,East
c39d5744-8ed3-4e36-b70b-3db5df4388f1,2024-11-08,Electronics,Beautiful,19,256.17,4867.23,South
91790fb4-70c6-4946-9d8b-6f48ab798fa5,2024-07-27,Books,Thing,8,424.4,3395.2,East
1d630a4c-d084-4d45-a2f9-6ff4f2da93d5,2024-06-06,Toys,Teach,12,61.87,742.44,East
a410bcaf-c680-4d2d-8360-4076306e4cf1,2024-03-16,Toys,Son,8,404.57,3236.56,North
8bbb1fda-3550-473b-ad44-323985caeac7,2024-08-16,Toys,Consumer,9,19.33,173.97,East
658cd032-8ee2-4ebc-b347-f5c4c6416764,2024-03-22,Home Goods,Use,11,178.76,1966.36,South
63d0a986-7fdb-4059-b231-3e723445ca32,2024-01-28,Clothing,Beyond,19,330.39,6277.41,North
d2ffd251-837d-4a7e-a506-48d969d2d0d4,2024-11-24,Clothing,Use,1,50.42,50.42,South
e29d69d4-0826-48a3-b95d-d1b04e0da8af,2024-02-04,Books,Walk,14,229.55,3213.7,South
9cd761db-4be5-4c51-ba98-74f02db6a12f,2024-03-06,Home Goods,Relationship,10,362.19,3621.9,North
805d50c1-e9a5-47b6-b29d-0c1397aff3c4,2024-03-22,Electronics,Sister,5,82.92,414.6,North
697d2bc2-713a-472a-89d2-b8ae77c9d538,2024-09-10,Electronics,Fall,9,224.34,2019.06,West
9e32372f-267e-4cae-880d-b2979476c10a,2024-03-15,Books,Consider,20,223.81,4476.2,East
8202861d-cd25-4d61-a1f1-a73f7bb0094e,2024-04-10,Clothing,Community,17,61.34,1042.78,West
e5f30265-dc09-4ef7-b895-1f8fc7fd0b52,2024-02-08,Electronics,Thought,10,340.72,3407.2,West
8725e855-e5d3-46e7-b20e-78b6dbf96465,2024-11-18,Toys,Husband,10,27.48,274.8,West
2162d085-b79d-4f0f-a2be-c70d89e9ee6d,2024-02-17,Toys,Such,2,8.81,17.62,East
149e22c5-8c32-43e0-bcdd-42fa40497117,2024-03-15,Clothing,She,5,383.26,1916.3,East
894c5819-ebd6-40ab-8d74-e2df80d7c64e,2024-04-08,Home Goods,Carry,4,8.83,35.32,West
b699f81d-b13d-4377-afe7-998909488dfb,2024-03-24,Clothing,Thought,5,193.2,966.0,South
e163be19-c986-4ce2-a27a-e9eb5e13a9a6,2025-01-03,Toys,Film,18,417.51,7515.18,East
38706a60-3323-42df-bd7e-b01ba59f4c12,2024-11-12,Electronics,Strategy,13,431.57,5610.41,North
f2b7751d-dfb8-4174-b814-589729058d07,2024-02-01,Books,Political,1,232.58,232.58,North
b95b2608-a3a3-44f4-8a0d-353c04ae1413,2024-05-01,Home Goods,Newspaper,19,217.5,4132.5,West
d45b144f-e964-41ec-b41e-2c6b4d8d768a,2024-07-28,Books,That,10,62.01,620.1,North
472ff564-d4e0-4f6a-aec8-88e7967901dc,2024-06-30,Home Goods,Probably,6,401.65,2409.9,West
f58d3676-e0a6-4847-9aea-3c33664c164d,2024-06-08,Home Goods,Give,3,221.17,663.51,North
5f00fa5a-1aa1-42f9-81ea-ed7f585f02b8,2025-01-08,Clothing,Democratic,14,296.49,4150.86,North
e918be2d-1d68-4021-85ba-8e45affe2cb1,2024-11-23,Books,Dream,10,374.17,3741.7,South
172ddf18-1d44-40d8-b7f9-d174ae7952cf,2024-07-08,Home Goods,These,6,42.81,256.86,North
6729e32b-e0ea-4c9a-96e7-39f7118d9d60,2024-08-11,Toys,The,17,100.98,1716.66,East
87db62ee-d354-4503-b1fa-de0f14f5ba6b,2024-01-28,Home Goods,Consider,5,121.95,609.75,South
b8d361c4-419c-4d7f-a7d7-acf4e036d0ab,2024-05-09,Home Goods,Leader,7,90.88,636.16,South
be353836-ea1b-4f2a-9e22-8b160ff5ac8f,2024-01-30,Electronics,Professional,6,475.89,2855.34,West
16f413ce-bb20-4c3c-98d5-cba92b98c56e,2024-05-19,Books,West,19,381.14,7241.66,West
afc15f18-3c25-4839-8d04-345ae401ed0f,2024-11-04,Toys,Wear,20,164.99,3299.8,East
11586133-f049-4f29-a4cf-33fbf82af248,2024-09-14,Clothing,She,15,38.8,582.0,West
a0cff4b8-237f-4fd0-a1a5-6f54e0335d3f,2024-04-19,Home Goods,Space,9,297.75,2679.75,East
c61935a8-7ceb-4fd1-b000-8cee2ab9f0bf,2024-12-01,Toys,Catch,3,158.65,475.95,West
461274e8-2707-48b5-aaa1-0b2e30bc1c4a,2024-03-13,Electronics,Year,2,187.53,375.06,East
914c7742-cfa5-4edd-978d-756a46617b74,2024-03-23,Electronics,Ago,3,309.43,928.29,West
7596b6a1-f840-4c53-b270-b0bf98d0f589,2024-09-14,Books,But,19,279.39,5308.41,North
00f2e65f-42b7-4a03-8405-6091f1de4c69,2024-11-24,Books,Time,19,327.66,6225.54,East
444308d4-9bae-4ed0-90e3-5542c71f0a5c,2024-09-08,Toys,Each,16,253.18,4050.88,North
fd00f803-01de-490e-831a-60a9c4654266,2024-11-09,Books,Receive,4,406.43,1625.72,East
572d8296-38fe-46a6-9fdb-ac3fc1aa4252,2024-10-21,Electronics,Heavy,17,324.83,5522.11,North
39032e36-dad2-4671-b589-c472cc4ca7bf,2024-02-09,Clothing,Almost,15,495.54,7433.1,South
d7a16e1d-5d2a-4d2c-8d77-08535e3c527c,2024-04-17,Home Goods,Probably,12,459.38,5512.56,West
d06af413-47a3-4d1c-be2c-e794787def19,2024-03-20,Books,Vote,11,341.05,3751.55,North
c54b1fa6-cb98-4724-8431-888ada089f70,2024-02-16,Home Goods,Very,3,168.2,504.6,West
86778a11-b28b-4a60-81c9-ad68413f98db,2024-11-15,Home Goods,Stop,9,363.25,3269.25,South
bb760bb7-0053-4e87-a1b4-a8d006010a0e,2024-02-09,Home Goods,Somebody,3,293.46,880.38,South
274a0bab-e4ba-4cc6-a08b-08f966d92274,2024-11-20,Home Goods,Bring,10,484.01,4840.1,West
bc2812ea-390e-4ce9-8968-600d6fe82ad2,2024-06-11,Clothing,Spring,20,355.87,7117.4,North
c9b46904-d34f-4d4e-a6ff-ce16e7f24f2d,2024-06-09,Home Goods,Piece,18,191.46,3446.28,East
c8e46ac0-05a1-4a08-bc5d-a2a29c36201f,2024-06-08,Clothing,Head,17,51.26,871.42,West
740c01d3-f283-48ea-a579-02b09c273de9,2024-07-23,Toys,Seek,12,14.02,168.24,East
021fdf30-9b5f-49d1-9be4-fb6a73bceb67,2024-05-27,Clothing,Old,7,174.16,1219.12,West
9a132c23-e678-4fb1-8e90-d3618cc1700d,2024-04-25,Clothing,Live,8,499.99,3999.92,South
6747f6f5-eebf-4bf5-ac6f-6afb808acd5c,2024-09-03,Electronics,Between,10,422.99,4229.9,North
cdf989ee-50d1-4c18-837c-998a3f1ee7d2,2024-02-05,Toys,Top,18,418.38,7530.84,North
b735b306-861b-4e61-a479-78b4694ce274,2024-09-11,Home Goods,One,20,69.87,1397.4,West
1d7539ea-778b-4d9d-9318-6ed627d0b278,2024-04-22,Clothing,Run,6,94.52,567.12,South
439451cd-dd31-4ab6-a39a-a1644a5337b9,2024-03-20,Books,Save,2,208.38,416.76,South
8db9ca3a-4f01-416b-98e7-331addc44be7,2024-04-18,Books,Cover,20,146.04,2920.8,West
240d97dc-6449-4506-a43d-31d20d13e9b6,2025-01-05,Clothing,Build,18,123.39,2221.02,West
fe33dec4-b97d-4ee3-9623-37f867570f42,2024-10-10,Clothing,Politics,12,340.76,4089.12,West
a680e55c-3837-441e-b943-63812d4951b6,2024-06-10,Books,Threat,10,390.17,3901.7,West
c9da6e13-accb-44ed-b7b7-c181e361b896,2024-08-23,Clothing,Second,7,401.62,2811.34,South
3dabc178-8b64-4ec2-b108-130acded06d2,2024-10-10,Home Goods,Difference,2,322.38,644.76,East
87c6abf1-258a-4b49-9064-555f7b9e1830,2024-11-04,Toys,Job,4,357.14,1428.56,North
d16e4b95-9e9b-4327-8e27-ce2d710d0943,2024-02-02,Home Goods,Remain,3,382.74,1148.22,East
cf72eef2-5563-40d7-b6bc-a5152b897189,2024-03-17,Books,But,17,77.94,1324.98,West
a17f857c-050d-42bc-9d0e-f477c4a5cc72,2024-06-18,Electronics,Will,8,409.27,3274.16,East
04987eaa-25a9-4bd3-899e-d8f2d2e653cb,2024-07-27,Electronics,These,14,31.36,439.04,East
1a519b13-0f75-4a40-b527-ce33500d62e5,2024-08-30,Clothing,Her,13,497.29,6464.77,East
0fd2aebf-1aca-40bc-af5d-46d29ad05645,2024-07-17,Clothing,Especially,1,162.75,162.75,North
a4dbed4b-868d-4263-809a-89e346b7f462,2024-08-31,Home Goods,Wear,5,73.11,365.55,East
429540b8-f639-4787-9acc-e4ac2e544da1,2024-03-11,Books,Risk,5,380.63,1903.15,West
fce6e6c2-3406-4954-8cfd-3a428b45cd36,2024-06-02,Books,Current,20,7.6,152.0,North
16c9b1c0-2129-4f1e-a835-72e3b1dd8253,2024-12-01,Electronics,South,9,111.75,1005.75,South
09982f2d-b88c-49e3-9fb0-a3958f01ffb1,2024-12-17,Toys,Increase,20,266.25,5325.0,North
394f6b98-297d-429d-81d2-803c7678497d,2024-12-31,Home Goods,Million,8,154.07,,North
7e69902d-1124-4a31-b18d-4dc89399eb00,2024-10-20,Clothing,Staff,14,321.28,4497.92,West
aaa14a36-7152-432e-9dbc-48ed00c3d93e,2024-05-29,Electronics,End,4,419.16,1676.64,West
4489728e-5309-4d72-bd23-22af451d9070,2024-10-03,Toys,Read,18,13.14,236.52,South
fb065e17-29bd-4709-8a62-a8e458e45932,2024-12-05,Clothing,Live,10,217.47,2174.7,East
42bbab2d-f59a-4c55-b439-e3ca1d796564,2024-03-01,Clothing,Very,19,211.2,4012.8,North
bd6fa37d-07dc-477c-aecf-87986204531f,2024-07-18,Toys,Threat,12,38.5,462.0,North
d7593628-b732-437a-986c-93be70056534,2025-01-04,Books,Evening,16,26.55,424.8,West
26921564-3bf2-477b-905e-e54a5c90a51f,2024-10-20,Home Goods,Prevent,9,374.92,3374.28,East
1c9192c8-3bc5-4aee-9d35-f79c184154f7,2024-09-12,Electronics,Movement,12,124.36,1492.32,North
31bcf463-ad3b-4c7d-bb1a-8d99c14000ce,2024-12-24,Toys,Then,11,71.04,781.44,East
4d957a39-0995-4940-9729-1446afbb8fc1,2024-02-13,Toys,Movie,11,407.69,4484.59,South
7bd969a7-2374-4911-aa9d-a754a4574e0d,2024-02-28,Books,Style,16,317.71,5083.36,South
0738988d-f145-455a-ae7b-4e602db3486e,2024-08-30,Electronics,Wife,15,23.31,349.65,South
e4b04e50-21e5-459d-aa95-f4670fa0df91,2024-05-21,Electronics,Wear,7,443.47,3104.29,East
b10d18bd-0607-4fe9-a0cb-f38e4c274e1f,2024-05-11,Home Goods,Voice,17,202.12,3436.04,West
4613d17c-de23-45ac-9d32-cacc8bc9f272,2024-04-14,Home Goods,Road,2,377.88,755.76,South
d886dce4-1d20-4f38-b9a4-e966c0217ca4,2024-09-09,Home Goods,Occur,12,431.76,5181.12,North
32637e8b-dd9c-4ab8-81cf-05124af57f06,2024-04-05,Home Goods,Whole,9,66.62,599.58,East
50b43bb8-02c8-4813-99a3-46133c8e942e,2024-07-17,Books,Ago,13,372.94,4848.22,West
7ba910d7-6cf7-4c38-bc11-54d146d493f5,2024-02-28,Home Goods,Member,6,250.62,1503.72,West
4157904f-2b2c-424b-9195-616e25df6e3c,2024-03-21,Home Goods,Woman,17,137.03,2329.51,North
b53f957f-c501-48d9-81b5-b547c7f25574,2024-05-26,Books,Bad,3,218.15,654.45,South
9b557035-0f8b-4e28-b26b-52b993b8a577,2024-02-02,Toys,Nation,10,164.0,1640.0,North
13555a4f-5da1-4da0-937c-c2298c455a0c,2024-11-08,Home Goods,Opportunity,10,156.72,1567.2,West
0bab5025-6f6a-4919-baa6-686d74055755,2025-01-15,Clothing,Teacher,15,179.02,2685.3,North
4482a990-a788-4c13-9b09-4d71ebf7464b,2024-11-26,Home Goods,Seek,20,499.08,9981.6,East
12c288bf-2cdd-444f-b100-51ea0331e222,2024-11-29,Electronics,Ability,3,337.24,1011.72,West
c62d7987-af93-49e0-9764-8557191ef2b7,2024-05-24,Home Goods,Around,17,401.54,6826.18,South
192712cf-1914-4627-8cb1-164353614bcf,2024-11-11,Electronics,Two,5,425.09,2125.45,West
753a636d-e26c-460a-ab07-124165a047d4,2024-01-21,Electronics,Story,5,38.28,191.4,East
7ea2cd4c-cb51-4716-bf79-aed4075934f9,2024-02-06,Home Goods,Score,13,474.99,6174.87,North
bbe7c470-5f6b-4e8e-b604-969624f14b56,2024-09-10,Toys,Include,5,341.14,1705.7,East
8a55bdc1-8040-4401-ad43-3739fd831cfa,2024-12-16,Home Goods,Spring,15,382.73,5740.95,South
b8f18f03-6e54-4da3-b92c-dbceffb5fc8f,2024-08-20,Toys,Data,12,202.03,2424.36,East
adcd8983-9344-43e1-bf08-ebd895400aba,2024-07-24,Clothing,Music,4,17.83,71.32,South
bf289cff-c3b5-4c64-a398-62b68e9273f1,2024-09-16,Books,Three,17,196.56,3341.52,North
d5ed536f-d43a-4def-bdc8-b54402e4664c,2024-12-11,Home Goods,There,9,353.5,3181.5,South
cf0ad232-20ea-48d5-9ecf-b7901b9e9066,2024-07-31,Toys,Make,10,348.52,3485.2,West
f5c8d635-84f5-414f-b2dd-4ef19ea89905,2024-03-23,Clothing,Huge,4,72.19,288.76,North
fb6ebce9-42ca-4386-9b54-6fca0b589e7d,2024-02-29,Books,Establish,6,449.85,2699.1,West
0084aac3-bf94-4144-b98f-7ac3c2edc24e,2024-07-03,Electronics,However,11,335.58,3691.38,North
52198254-666e-43aa-86cb-65ef819ec699,2024-10-17,Toys,Early,18,148.73,2677.14,East
e86fb557-afbc-4636-8f79-a9226a81e379,2024-09-27,Clothing,Less,6,397.88,2387.28,South
c162c99d-33de-455b-a30e-4e8feb3a4d98,2024-02-11,Electronics,Team,7,397.07,2779.49,South
f290f78e-47e4-41e2-beeb-24ea968ad4a6,2024-02-19,Books,Recently,1,183.64,183.64,East
f2bbca82-848e-43f0-a806-13dfad243d4b,2025-01-04,Books,Second,18,69.24,1246.32,North
a945457b-7236-43ae-a8d0-31a775741436,2024-01-25,Electronics,Pick,10,202.09,2020.9,West
f49c8e63-b382-40ab-9f08-6c3ad22a3a48,2024-02-19,Toys,Field,14,385.74,5400.36,North
67f1f08a-1fc1-4e80-a3a2-7b93ef3743f3,2024-04-22,Clothing,Account,11,322.96,3552.56,West
c02a3fe4-fa52-4e8a-8e7d-7c23a198e2bb,2024-12-02,Books,Offer,17,175.53,2984.01,South
b9f51bee-8acd-49fc-8b74-2822d1c78cc8,2024-12-06,Clothing,Generation,14,253.92,3554.88,North
958ce27a-6525-467f-a40c-84b143064aa0,2024-07-01,Electronics,Million,17,80.74,1372.58,South
a716e841-88ca-414f-a7c9-dff2a3393905,2024-06-18,Clothing,Against,11,467.7,5144.7,South
d2ae75d9-d860-4817-9f84-b3b265b87433,2024-10-20,Home Goods,After,17,447.99,7615.83,North
cd407b22-82ed-4058-b69d-4eee1b210cf6,2024-10-28,Home Goods,Season,7,319.35,2235.45,East
39778410-07c3-403b-989e-8f7c86f405bf,2024-08-29,Clothing,Prove,10,309.14,3091.4,North
d4ed2704-99ac-4b16-86be-80cd0a67b01a,2024-08-20,Toys,Street,6,297.95,1787.7,South
d3623be6-5fd3-4ebf-b447-9322688f7e02,2024-04-05,Clothing,Drop,20,361.71,7234.2,East
3a780e19-bc12-4355-b65a-8eacf6e099a0,2024-04-07,Toys,Television,2,413.49,826.98,North
d92ce45f-a835-42f1-98a9-77a30d8d3d39,2024-02-09,Electronics,Challenge,2,474.53,949.06,East
fc372238-c4a5-4faa-beff-5ddf0c5be1bf,2024-07-29,Clothing,Those,19,211.21,4012.99,North
2c0c581b-ffc6-439a-8d88-a5820b3436ca,2024-10-26,Books,Analysis,18,148.39,2671.02,East
4d7f88dd-06f7-4ee6-baf1-7c6f4cce1eac,2024-07-05,Books,How,8,403.32,3226.56,West
2c58f03f-90ff-40c3-8f01-be4537cf0e32,2024-03-28,Home Goods,Owner,15,41.12,616.8,North
41d6a971-c604-4b57-ae16-73ebcb6a73ec,2024-01-29,Clothing,Purpose,15,210.73,3160.95,West
2cfe9245-38d0-4c8f-9bbd-3ac05bafddd6,2024-06-08,Clothing,Animal,11,305.3,3358.3,East
3108ec87-2c89-4247-81e9-58ec19f7521a,2024-10-09,Home Goods,There,12,487.81,5853.72,South
41471e05-baa3-44bb-b67f-1a9535361410,2024-10-08,Home Goods,Produce,17,283.02,4811.34,East
1d4bca71-176b-4fc5-bd7d-e08290ac1273,2024-07-22,Clothing,Race,15,65.65,984.75,West
f68eaf21-8ba5-4783-a1f1-7af8e957b92b,2024-02-28,Clothing,Show,5,52.92,264.6,East
59f76605-1d6b-44bd-bbec-26c67bb0a7a6,2024-07-13,Books,Alone,20,211.98,4239.6,South
88b56a0d-fd22-49e2-9a2c-4d4f9b7d2c93,2024-05-15,Home Goods,Wait,19,361.96,6877.24,South
847013aa-1f47-445d-bfb5-fbbd4ab63e0d,2024-11-07,Clothing,Around,16,498.0,7968.0,West
b8320f11-ec01-44f8-b5cc-a0f15b3c25ce,2024-12-29,Books,Enter,10,251.2,2512.0,North
1dab53ea-d1eb-427a-9a27-45a360dabe8b,2024-06-09,Books,Political,17,231.33,3932.61,South
1a892368-cae2-4a5d-8cf9-b3cb7a909a63,2024-04-19,Clothing,Even,19,179.68,3413.92,North
1a0b406e-b3cf-4ae6-9c88-8e8d9017cffc,2024-12-07,Home Goods,Choose,16,300.77,4812.32,West
ab1358d6-f3b1-4c3b-9c8e-903280b4c696,2024-12-15,Home Goods,Letter,18,9.05,162.9,North
e7780f4c-85e3-446f-b7ad-315e5bb969d6,2024-11-04,Books,Case,5,441.82,2209.1,East
cae06f34-0b23-48ae-a2d1-6074e7f686ae,2024-07-30,Books,Hot,12,27.39,328.68,North
19d3ab99-a062-47db-b067-0359823a8c36,2024-11-25,Toys,Shake,18,101.35,1824.3,East
10f40b2c-c832-48de-818e-f276ae29e5a5,2024-09-12,Electronics,Child,13,254.61,3309.93,East
5da5ece6-253e-41cf-8334-2625f06badc6,2024-06-18,Toys,So,20,63.81,1276.2,North
46d254b8-766f-4253-92ab-48e32397f765,2024-12-22,Books,Sometimes,12,398.47,4781.64,East
dfb7bc17-545e-44c2-aa70-62a3cd7879b5,2024-02-28,Toys,Dream,12,378.71,4544.52,South
bf6ff569-8420-4b9e-be92-0122138900d6,2024-11-14,Toys,Even,17,203.69,3462.73,North
eac7ff22-1767-457b-9396-02d794f47c92,2025-01-12,Electronics,Charge,2,72.83,145.66,East
3f3782b6-f5de-4723-b9f7-c6844212fa10,2024-04-20,Books,Create,17,231.21,3930.57,South
59b60743-34fa-4335-b7e3-06f47ea0fd20,2024-04-06,Home Goods,Animal,20,162.67,3253.4,West
e6345d8d-caa1-4cb1-a45f-3f341923db2e,2024-10-12,Toys,Change,10,298.89,2988.9,West
ae4bb98f-8bb0-4f6c-a6ef-feba2b36d976,2024-12-18,Toys,Project,10,240.07,2400.7,North
09a765ba-c81d-4254-91eb-ffecfd3b570c,2024-03-25,Home Goods,Hour,11,338.53,3723.83,West
a8590e0e-b4cc-4341-baee-1c79f49d573a,2024-02-26,Toys,Grow,10,399.39,3993.9,North
a4d1156b-9f97-42dc-bed5-be26932f6bbe,2025-01-08,Toys,Miss,16,136.44,2183.04,South
917d80e7-0944-4701-b87a-77ebe22d8cac,2024-09-25,Electronics,Truth,19,242.82,4613.58,West
77b1791f-3939-4c66-acad-5f919634527d,2024-04-24,Clothing,Choose,8,20.63,165.04,North
04867bb4-bdf1-4d26-9edb-1323fcc8a7f9,2024-10-19,Clothing,In,1,223.31,223.31,West
fbaa7270-4522-459e-b205-8f20742ca171,2024-07-19,Clothing,Religious,14,346.8,4855.2,West
4bf9f8eb-427b-47e9-8c92-4b5b7d92326c,2024-04-13,Toys,Television,20,460.66,9213.2,North
1060dbff-a651-4928-af0a-d193899b628e,2024-05-19,Clothing,Audience,17,107.63,1829.71,East
a81cce3e-8b42-4539-a907-d4d8efe1c61f,2024-02-06,Books,Customer,17,191.53,3256.01,South
6fe5c4bc-64d8-452c-b2f1-755db898e263,2024-04-15,Books,Year,18,174.45,3140.1,East
3d356977-2892-43ce-8db2-d77a9dad1474,2024-07-31,Home Goods,Major,20,244.67,4893.4,South
629b34d3-b950-48fa-929a-b500cc54eae9,2024-12-04,Home Goods,Who,18,152.76,2749.68,East
42999bf7-f816-41d0-b714-0d7f04faec64,2024-10-07,Home Goods,Customer,7,346.67,2426.69,West
2bd35478-822c-4263-97e5-049545b6cf9b,2024-03-16,Home Goods,Effort,16,177.66,2842.56,East
fb32fdfd-cb22-46b9-b19a-be4afb4bbbb9,2024-09-16,Home Goods,Miss,4,288.87,1155.48,West
bdbd47ff-3cf7-44cb-a792-4a6f38d25325,2025-01-04,Books,Build,12,477.53,5730.36,South
40d6baed-d95f-4f42-89e4-bca95d2e9b4c,2024-05-28,Home Goods,Grow,2,147.38,294.76,North
24704046-a5fa-4bb7-8eca-e542404e6653,2024-02-29,Home Goods,Nor,15,329.71,4945.65,West
92a18f16-1642-4f5a-b37f-ede54db64764,2024-06-08,Clothing,Various,7,414.84,2903.88,East
1bcd8ec5-79fe-4f91-9936-e7db22d473b8,2024-04-24,Toys,Blood,9,72.95,656.55,South
aa7c639f-1f24-4a20-b3c9-7638e56ab908,2024-11-23,Clothing,Might,2,336.57,673.14,South
caa02caf-9aac-40d3-a158-97e023025cec,2024-04-24,Clothing,Thank,2,54.6,109.2,East
c03c4f3e-6aeb-4747-bee9-f785b37c633f,2024-07-20,Books,This,4,342.19,1368.76,South
3467b0d7-0b6a-46e5-961b-8075ee4f4938,2024-04-20,Electronics,Give,18,489.07,8803.26,South
d7331ded-d64c-442a-9f0d-6cc6a9b8213b,2024-12-13,Books,Often,16,241.34,3861.44,South
8b0aea65-9396-40c1-83f3-73b09ec7d597,2024-02-23,Home Goods,Surface,11,146.28,1609.08,North
2f2283b6-3ac4-42b3-adff-599c86511101,2024-10-22,Electronics,Trouble,19,119.95,2279.05,North
34b7335a-642c-450b-a183-ed81d036c4c2,2025-01-02,Clothing,Early,14,441.71,6183.94,South
532511c5-e430-4e5a-be27-adb21ec2f3f6,2024-05-13,Electronics,Service,13,395.04,5135.52,South
3a2b7411-1229-46d1-a17a-78b172b2f70d,2024-04-14,Home Goods,Budget,2,9.59,19.18,North
b5f33057-cc27-49ef-9da2-ab9e6071baac,2024-04-29,Home Goods,Foot,10,229.9,2299.0,West
a820bd57-0766-46ae-8e9a-032584c32df2,2024-07-03,Clothing,Bed,17,236.67,4023.39,South
ff216e9d-09c0-4986-9d0f-bd792f46396f,2024-12-03,Electronics,Size,11,85.43,939.73,West
dd22b443-55e5-4d66-8d25-6fe6ac45cf6f,2024-10-01,Home Goods,Far,6,11.97,71.82,East
be488d03-8c4c-4ed5-b897-0f056d696535,2024-02-15,Home Goods,Data,19,338.83,6437.77,South
16d6bdbe-c1fc-42c7-b0c4-867835d45dc4,2024-03-26,Clothing,Somebody,20,428.79,8575.8,West
3c2fa49d-131b-4d67-b35a-47031ea9cd15,2024-09-01,Books,Institution,17,167.32,2844.44,West
a0ac24b8-ccdf-4ce6-a1fe-d1eb6277403a,2024-12-16,Electronics,Return,6,490.93,2945.58,West
7df6b520-b783-4149-a152-b0184c8e0ee3,2024-07-02,Home Goods,Offer,8,8.38,67.04,West
c876593f-85d1-4e23-b6a6-7cd00e2ab047,2024-05-04,Clothing,Course,15,378.11,5671.65,East
ae97a01b-c2b5-4e74-970f-c5df448fab81,2024-02-20,Home Goods,Buy,19,362.83,6893.77,North
7efa1529-e5ab-4c33-ac4c-79700f121b82,2024-05-14,Home Goods,Off,12,347.92,4175.04,North
0ab264cb-d492-41f9-a35d-11b0a1793ccf,2024-10-19,Electronics,Character,15,156.87,2353.05,West
46864cf4-7f08-4a69-8c7a-98a3c98ed35d,2024-10-31,Toys,Pick,10,346.69,3466.9,East
7c096298-1dbc-4746-965a-d2c945df0bff,2024-03-05,Home Goods,Popular,20,114.32,2286.4,South
6fd92a33-cf9d-4e26-a2a5-13ab0e528934,2024-03-20,Books,Early,5,230.21,1151.05,East
bef5dcbc-07e2-446c-b2d7-8fbe20311706,2024-06-06,Books,Build,18,456.83,8222.94,South
18a072ec-c5bf-4fcb-bdac-d0322dc193e8,2024-03-29,Clothing,Read,20,437.2,8744.0,North
b4b56e0e-5701-4dfa-9304-349ae8b93ac6,2024-03-05,Toys,Continue,15,266.45,3996.75,East
f829ef1d-1dc3-42a7-9e48-a0167133dc1a,2025-01-15,Electronics,Shoulder,19,60.54,1150.26,South
44f3a2f4-b508-44e4-a8da-ed33c85be37f,2024-11-30,Toys,Safe,18,79.18,1425.24,East
d587d956-e702-4462-bdcb-2c0f636ba86b,2024-06-10,Toys,Stock,15,62.54,938.1,South
91ffc45b-103c-47b7-b63c-4aafc9ca516d,2024-09-07,Toys,Success,16,50.02,,West
24559016-2dd8-4336-aff2-bc89e5cbe7b3,2024-02-06,Electronics,Sea,15,70.31,1054.65,West
74286cbe-d3a3-4b06-8384-6b69160537c6,2024-07-22,Books,Great,19,33.58,638.02,West
c6f926ef-bd6d-4344-a395-0c50288b8ad0,2024-10-22,Home Goods,Next,1,200.99,200.99,North
27bc8089-c402-4dc8-8bb2-8708d95dec86,2024-06-25,Clothing,Generation,19,41.15,781.85,West
1e9278e3-9420-48d6-ad92-07d9a0b20926,2024-06-14,Home Goods,Half,3,272.88,818.64,North
cad81488-f865-4297-a446-50612b7bd112,2024-09-23,Electronics,Through,16,20.71,331.36,West
0e7f2a14-e1f3-4ea7-b5c1-5ca2a603f11a,2024-10-03,Clothing,Usually,5,384.08,1920.4,West
c9013a7b-36a1-4174-86d7-5b5955f52fad,2024-08-24,Home Goods,Performance,13,227.03,2951.39,West
5b8409af-a6b1-49b9-8c19-769d333778ed,2024-06-06,Books,Red,3,342.95,1028.85,South
fab611c3-deba-470d-b6d2-bf2237e0b465,2024-07-24,Home Goods,Into,4,93.34,373.36,West
ab487cb1-cacc-46ad-a34d-5e9bf88dd527,2024-06-09,Toys,Country,5,365.29,1826.45,South
e8117572-82bd-4c59-92b8-a52b6ffb5ca2,2024-09-02,Electronics,Myself,1,489.35,489.35,West
9c92b5a5-3534-41b2-9904-e9d0fb6751a2,2024-05-16,Toys,Reveal,14,268.31,3756.34,South
d060a825-db8e-4094-892d-e8c564fd463d,2024-08-23,Clothing,Have,15,176.35,2645.25,East
ae2b7370-e91b-4810-9a5a-30f97d1de773,2024-03-13,Clothing,Thus,4,20.95,83.8,West
38db6b8b-615b-41bd-99b5-70b0eb4434b8,2025-01-19,Toys,Young,1,124.13,124.13,North
c5a93c57-f8cd-40c3-aae9-6a6c83bf7ae9,2024-03-02,Electronics,Reduce,20,21.62,432.4,North
61223646-f68e-4d06-b578-705e9bf5a8ec,2024-07-17,Clothing,North,2,204.12,408.24,South
b7a0dc87-2413-4bfe-b9f6-52daa9cdd932,2024-10-16,Toys,Charge,7,378.42,2648.94,North
d5b8ee3b-d4d6-42f0-a37a-a3d351338490,2024-02-21,Clothing,Represent,17,496.77,8445.09,South
e0d1f630-4fa8-4037-9893-fabfdc962341,2024-04-23,Toys,Book,11,290.85,3199.35,East
899fc5ca-2367-41d0-a295-977c428c027a,2024-08-14,Clothing,Quality,10,438.75,4387.5,South
47353fc8-7b12-4b0a-b9fb-2355d353bae2,2024-12-02,Books,You,10,141.2,1412.0,South
2316afea-5d3f-460b-ad99-107f050f8823,2024-11-07,Books,Name,18,250.33,4505.94,East
9da49aec-cd92-425a-adc8-44220b584f8b,2025-01-17,Books,Human,17,162.77,2767.09,West
40110e2a-d260-44d1-8d85-8aee695a18a6,2024-02-12,Books,Sometimes,5,153.44,767.2,South
c7e5f663-b68d-4fdc-92b4-2dbae4ea441f,2024-03-19,Toys,Environmental,16,124.28,1988.48,South
56876b7d-587a-412b-aa34-5186e26d780f,2025-01-11,Home Goods,Player,5,403.86,2019.3,North
14b5f567-c2aa-4680-9f14-283720e9747a,2024-02-08,Toys,Something,14,484.05,6776.7,South
98920de7-1362-4b39-81e3-88630e7a41c5,2024-04-04,Books,Stock,8,131.22,1049.76,East
206daab5-4f94-4e4a-9c0e-305dbe928874,2024-06-07,Electronics,Lose,15,424.33,6364.95,North
b2f90665-6817-4ef1-86b5-e0a307a777e1,2024-06-27,Toys,Challenge,7,30.51,213.57,West
7612a9e1-bc36-4ef6-9340-a7ace9cbd41e,2024-11-28,Toys,Camera,20,24.58,491.6,North
f6189484-fee7-4464-b44f-c5775bced68b,2024-08-17,Clothing,Those,19,363.53,6907.07,South
074491c9-834e-4d9e-b62d-035d45febf76,2024-05-02,Books,Already,7,435.39,3047.73,East
b2d6410d-a83f-42c9-b822-cca1349683d1,2024-11-01,Home Goods,Discover,1,109.84,109.84,South
ae77ca2c-d5ab-4dc5-b9bc-35350ffc6b16,2024-12-14,Electronics,Try,16,457.65,7322.4,South
2c2dd2db-5102-4c43-b2a7-ea3b423e2d75,2024-06-17,Books,My,8,278.28,2226.24,East
b75f92b4-8d91-4009-9d0a-e8b3b86f93ea,2024-09-15,Books,Woman,15,269.16,4037.4,East
95598fe9-c41d-4147-a2e1-64be2c703d6f,2024-07-30,Home Goods,Become,9,183.02,1647.18,West
dcfd2199-a9bf-4349-b9f7-5ef3e2438b0f,2024-09-12,Books,Choose,4,402.39,1609.56,West
645c5be5-d65a-4423-b47c-00e718d591f0,2024-07-12,Home Goods,Art,7,188.5,1319.5,West
0111a960-2bac-4831-baa7-0d275de4db2f,2024-11-30,Electronics,Animal,19,432.72,8221.68,South
f57e71c3-8deb-44f7-936f-0d8e53e5d8f3,2024-02-13,Electronics,Rise,9,278.89,2510.01,West
23875090-a847-4d3e-9f38-50392dd542e5,2024-01-26,Home Goods,Shake,5,102.11,510.55,South
17439e93-39ad-4299-a1f6-f2e1815aee0b,2024-12-07,Books,A,19,417.51,7932.69,West
b14b6146-e48a-479a-bfab-ade73bf2f676,2024-04-26,Toys,Affect,11,132.38,1456.18,West
9c0f547d-eda5-4818-afab-ad4b928ffda7,2025-01-10,Books,Billion,15,88.28,1324.2,East
bfc9116c-5e5a-463e-a33c-148faf6380ca,2024-04-07,Clothing,At,5,361.56,1807.8,West
3bdb0c39-393d-4b85-8db0-e7939c48af40,2024-07-24,Clothing,Life,18,495.21,8913.78,North
e896d6a8-e3f1-48f7-a625-89209ce30257,2024-12-21,Toys,State,2,420.34,840.68,North
edebcfb6-7a25-4e31-b260-835ce16396a2,2025-01-15,Electronics,Catch,1,209.13,209.13,South
b3fad7a4-7c3c-435b-bf87-078a5f947487,2024-03-04,Electronics,Sit,5,9.53,47.65,West
cae300ed-49d9-42f7-8db3-172ac9a583a5,2024-04-19,Home Goods,Short,2,310.83,621.66,West
b761ba89-7071-40e8-bf22-abb65a15e451,2024-08-25,Books,Check,1,8.27,8.27,West
ccc77206-3a16-4c72-9438-50e47412a376,2024-10-09,Electronics,Sell,1,267.06,267.06,East
d193a659-a724-4331-bcda-b852c1839dbe,2024-05-07,Toys,Trial,10,13.49,134.9,West
4753f195-8d03-47ae-8953-3fff5e1c0690,2024-03-20,Clothing,Just,4,459.43,1837.72,South
61d51b68-6000-466b-8ff2-b38f4753ab79,2024-07-06,Clothing,News,7,311.79,2182.53,East
b3196548-6506-4589-9ca0-e892c171c697,2024-03-22,Home Goods,Listen,9,398.49,3586.41,North
44154a30-7e8d-4a50-8d9c-4c74fc479f0f,2024-08-25,Home Goods,Picture,13,232.2,3018.6,South
8f282b8e-a0cd-4c22-ab19-a9d53954cc9b,2024-10-02,Clothing,Price,10,343.6,3436.0,North
28aacadd-cf7d-410e-ba74-bc2fec4ec7a1,2024-07-27,Electronics,Poor,3,205.61,616.83,West
292e62e3-fe81-402c-b6d8-f5bc640bc852,2024-01-30,Toys,Why,16,32.78,524.48,North
c881bc76-7ed2-409c-a8be-05f69f0aaf76,2024-04-19,Clothing,Military,3,252.43,757.29,West
128934b1-54f5-417e-aac6-44da2eceea5a,2024-11-13,Home Goods,Prove,19,488.78,9286.82,North
a0fc73d1-28b8-41a2-9c0a-f061d1528866,2024-07-14,Toys,Everybody,2,118.73,237.46,West
55620fa9-fcf0-4a3f-b3d2-7afe305674c8,2024-05-10,Home Goods,Enjoy,2,462.46,924.92,East
7396a18a-8a8b-4adb-b46e-9311b049ea43,2024-05-14,Toys,Whose,19,330.76,6284.44,South
4b1a67bd-5f47-4750-bcd2-91f47328c278,2024-04-20,Home Goods,These,1,480.93,480.93,South
5cecc225-f335-4b95-b2a2-03c21efb8400,2025-01-08,Books,Computer,3,153.14,459.42,South
5b567840-ebd7-479d-ac7a-818109ea30f9,2024-05-15,Toys,Blood,13,340.13,4421.69,East
ef404938-305a-4960-8d5f-339a9f967623,2024-01-21,Books,Support,5,396.3,1981.5,North
432d1cd1-f5a0-4997-8e21-b1077a71a2b7,2024-02-26,Toys,Weight,12,31.58,378.96,West
8a63e0ae-2fc3-4b29-b4e5-f0b912c914a7,2024-09-23,Clothing,Deal,3,173.59,520.77,West
7e37ef90-ec78-4485-9422-fc78c7fff8f6,2024-12-01,Home Goods,Sound,1,318.89,318.89,West
87e9cb2e-1899-449d-b072-83531a299a49,2024-05-08,Books,Prove,8,181.13,1449.04,West
70ca9077-202c-42ab-a18a-5ec74b3389c7,2024-08-17,Books,Note,6,341.45,2048.7,West
ca5af85b-7b2e-43ba-8ca3-7674e50e5a78,2024-11-02,Electronics,Stand,20,151.21,3024.2,South
a1431add-2e13-4b16-b33c-146abf989b81,2024-04-23,Electronics,Money,3,137.65,412.95,West
ec2c4e9e-d495-4756-a1a3-ea195e91053f,2024-02-28,Clothing,Term,13,161.76,2102.88,North
eabf91f9-6232-47d8-aecd-df118df52d2e,2024-10-18,Electronics,Relate,1,471.77,471.77,West
09e79b33-5408-4b92-9678-af454e1414a3,2024-02-18,Home Goods,Blood,9,55.6,500.4,North
786e2a6c-1614-47c9-a710-2b64f7f15ab1,2024-10-06,Clothing,Often,14,227.18,3180.52,West
bd666c76-81ad-4f46-a855-ee4db7576e36,2024-02-03,Electronics,Hard,1,49.36,49.36,North
48839041-81fc-4c74-a1db-aabdfd09e2b8,2024-06-06,Toys,Than,20,393.3,7866.0,West
f0bc9c5f-771f-4ef8-92a1-2f52a2f5ae3f,2024-03-26,Electronics,Character,10,209.84,2098.4,North
4410df35-75f6-48f3-ab1f-44f53382d0bb,2024-05-15,Toys,Company,8,288.12,2304.96,South
e5ae3d11-f881-4cf5-a043-99c858ffaa4c,2024-03-25,Books,Free,6,73.73,442.38,East
19b80003-9d1b-4772-876f-24dc9c8053fd,2024-02-16,Home Goods,Keep,16,77.24,1235.84,South
f6da839a-3721-4905-b243-e6f9ece9408e,2024-08-01,Books,Group,9,213.45,1921.05,West
dfd5aa8d-d225-4f4d-a9f9-c7844971625a,2024-07-05,Electronics,Technology,12,129.59,1555.08,South
f253a413-4bf4-4cfd-a0c6-94562d900dd1,2024-04-05,Books,Rock,20,310.25,6205.0,West
5b6e68fe-55e9-42e9-94c8-562bd6f52a51,2024-11-05,Electronics,Cultural,5,155.81,779.05,West
469d374c-b74e-402f-b697-92df469e0639,2024-10-05,Home Goods,Ask,20,193.05,3861.0,East
cc0048e9-f301-4fad-8b17-046168b28b8c,2024-05-15,Books,Store,11,218.16,2399.76,South
f146e4fa-3597-4585-b74a-ca9fe5983a97,2024-12-17,Home Goods,Human,11,303.59,3339.49,South
5d9bdd59-6bc2-46f6-ba57-a276757bbd4e,2024-07-15,Books,If,11,92.93,1022.23,West
43198cd5-ac0e-4363-b252-057a04b1dac6,2024-11-15,Home Goods,Learn,10,368.76,3687.6,West
f41e23d6-1e54-4e1b-9575-557a53ec067d,2024-06-24,Toys,Scientist,8,166.31,1330.48,East
d2273e02-5a4b-44f9-b758-f951af0cea65,2024-06-24,Books,Laugh,12,61.37,736.44,South
10d43f36-96a7-4d24-beaf-7556200e34e4,2024-10-18,Toys,Themselves,18,94.06,1693.08,North
a35493b1-28e9-41e0-8fcd-835f55a58561,2024-02-18,Books,Western,7,222.04,1554.28,East
ff934572-2f37-4cee-a445-74a83c891e38,2024-11-04,Electronics,Officer,14,338.12,4733.68,South
f859f5bd-9d26-44ed-94fa-57603879c8f7,2024-07-04,Home Goods,Truth,8,130.08,1040.64,South
1d7ff5f9-a749-4490-a3da-eb2fa0d3501b,2024-07-11,Books,Sense,13,41.61,540.93,West
969bc4ef-1165-4b0f-8a07-dfeb9b141683,2024-05-14,Toys,New,13,269.51,3503.63,West
25dd5621-6864-4f82-9e7a-209c1ed70d25,2024-08-19,Toys,Cut,2,396.41,792.82,East
90502473-2e4f-41a5-bef8-c3a6e76745ef,2024-08-09,Toys,Establish,20,320.9,6418.0,North
1af9e416-538d-49f4-9873-2146211d1e79,2024-10-04,Electronics,Ok,8,330.51,2644.08,East
65ff85c2-83f5-4e23-b3df-f0d043272048,2024-04-30,Clothing,Stock,20,26.93,538.6,West
90b6965d-8ffc-4ed8-b0d2-09a0052f9f5c,2024-12-01,Home Goods,But,14,57.44,804.16,North
d813ecfc-61a4-4efe-8d8c-03c7b2898f5f,2024-03-25,Home Goods,Dinner,8,257.78,2062.24,South
e9e989cb-5c22-4ff6-bc90-19c79ec8f448,2024-08-11,Books,Through,12,198.61,2383.32,South
d3f2e6f7-4bd8-4fe1-9b32-18e4e103cca0,2024-06-11,Home Goods,Recently,1,243.97,243.97,East
73838c69-4a4a-47de-9fec-39c793a74670,2024-08-14,Books,So,3,62.45,187.35,South
d1e07cb4-b265-4ef7-a505-445c539df64d,2024-07-04,Home Goods,Conference,10,174.82,1748.2,South
dac6c81f-591c-4cad-adce-e3c190a0c0f3,2024-07-28,Toys,Rest,16,177.41,2838.56,North
9d22772a-9772-42e2-b6e2-380e383f8960,2024-07-05,Books,Admit,15,162.86,2442.9,East
a0f22608-1c9e-4489-93a5-d4939b6bc787,2024-12-08,Electronics,Friend,4,16.18,64.72,East
96ab4a53-95d9-4377-a773-8ce3adafb4f7,2024-04-13,Electronics,Heavy,6,465.31,2791.86,South
da3a9286-d90f-47f9-a147-7b509f71bbe8,2024-04-17,Toys,Later,6,278.2,1669.2,East
edf8aa2a-85a5-4dca-aef1-05fb65bb8f11,2024-02-21,Toys,Community,14,479.44,6712.16,South
744bba1d-2e34-466b-a5b3-3657ac8d15f6,2024-07-31,Books,West,6,97.26,583.56,West
81450a24-9c17-49d6-9335-c3fdd32079ab,2024-05-04,Books,Series,1,370.01,370.01,South
0df14ead-309f-4030-9c99-6d801a09022f,2024-09-22,Books,Country,19,217.63,4134.97,North
d1ac55a9-e2ce-4f8a-b907-ec4ca274ed1c,2024-02-03,Clothing,Leave,7,142.78,999.46,North
04f13aec-23b5-4660-abd0-0ec126d97095,2025-01-07,Toys,Produce,4,400.75,1603.0,South
f0e50d89-39fc-430b-9cfd-08f47877500a,2024-07-05,Home Goods,Card,11,102.55,1128.05,North
4e221581-b130-4c23-994a-c996096341a8,2024-06-10,Home Goods,Item,16,266.22,4259.52,East
4ceab886-3240-48e9-a118-dba2e484fe94,2024-04-09,Toys,Class,13,307.6,3998.8,North
4945701d-3c0f-4dfd-8c6f-01680d7c2665,2024-05-05,Home Goods,Agency,12,423.53,5082.36,South
973784fe-ebdd-427c-bff8-6cff7015b9a7,2024-02-20,Home Goods,Market,20,297.13,5942.6,South
42b4994a-ee01-47c9-b620-dc16dddcfddd,2024-11-01,Home Goods,Everyone,4,123.09,492.36,North
83d05d05-ce01-4155-8c5e-f82eaee45953,2024-10-22,Clothing,Trade,12,348.25,4179.0,West
89fd16c2-f292-49f6-af96-9b7e445832a8,2025-01-12,Books,Go,20,73.24,1464.8,West
3ab5aad3-9135-4f28-96af-c781e0fefa24,2024-02-13,Books,Begin,6,245.9,1475.4,South
9ccb985a-a7c2-4a8f-b184-b29c2f38412c,2024-04-22,Toys,Or,6,247.37,1484.22,South
c06573c4-3da8-4383-ac6b-6dd3615e7f9a,2024-06-25,Clothing,Trial,11,421.78,4639.58,North
6b0b864c-1a17-4920-aae1-cbe21f24c518,2024-01-27,Home Goods,Eye,1,244.88,244.88,South
ee367514-eef5-4494-96bb-447cdcfcf83e,2024-06-23,Books,Wide,18,255.19,4593.42,West
addd74dd-9157-4fde-8105-846610965182,2024-04-07,Books,Because,16,210.74,3371.84,West
5c64bbe1-cbec-4807-a15b-1cd301a9aaf5,2024-02-20,Books,Cell,6,45.92,275.52,North
26e88492-e18c-41f9-bcf2-17df13fba67f,2024-10-02,Clothing,Half,10,21.18,211.8,South
bc081696-18e8-4462-88e9-940a432fc44e,2024-12-30,Toys,Close,10,88.26,882.6,West
819b2fce-21f8-46eb-9678-3f0324b57896,2024-12-03,Toys,Alone,16,277.11,4433.76,North
e61b0979-f86c-4537-8620-0353d46c72ef,2024-09-29,Toys,Part,4,137.61,550.44,East
cca36c45-ad77-4519-921e-af5e45427a50,2024-09-22,Toys,Also,2,381.2,762.4,West
4ffc7b1e-f645-4cbd-830f-c0ebcd7eaf47,2024-08-21,Toys,Event,7,494.94,3464.58,North
a6c11777-c4f5-4f1b-86d1-ea00b5eaf64c,2024-03-02,Clothing,Walk,10,438.03,4380.3,North
82e5fc8e-488f-4a09-979b-e86cb2976e56,2024-02-15,Books,Simply,9,177.55,,North
ff61a83d-5381-4edb-9cbf-66b8f24998db,2024-08-25,Books,Name,4,388.94,1555.76,South
70c42ef7-a6c2-4c39-92f6-d2956a0f936d,2024-08-19,Clothing,Result,19,346.12,6576.28,West
769c9e0d-b3ec-4f80-afb9-a5589965fa47,2024-07-24,Clothing,Dream,20,73.92,1478.4,South
a5cdfef0-db9a-426f-b9d7-4a3208328fe6,2024-07-03,Clothing,Various,2,287.19,574.38,East
6cc6e739-4b21-40bf-b6fa-83ab1063ffd8,2024-12-27,Toys,Make,18,88.35,1590.3,East
c3768101-d906-43dc-abd9-8d330df3fb02,2024-09-05,Home Goods,Everybody,19,137.33,2609.27,North
910586e3-0b27-4073-bc98-1d252ad703d9,2024-10-09,Clothing,Thank,14,459.79,6437.06,East
14bed85b-ed5c-4516-b751-edba44144733,2025-01-13,Clothing,Section,5,128.59,642.95,East
883f95e5-ade6-41cf-9835-8048d90fc2b5,2024-04-14,Clothing,Tend,13,247.28,3214.64,East
900184fa-5539-4451-8a91-c989d0ea1691,2024-11-15,Books,Than,13,228.74,2973.62,North
3f7902e9-ee5c-4786-ba01-bb0e1e42fe4c,2024-07-26,Books,Large,17,376.15,6394.55,East
35aba376-0df3-4094-a817-5d5bc2c85ad2,2024-12-01,Books,Who,16,167.01,2672.16,North
da4b6716-bccb-46f0-a625-ee5793885317,2024-09-10,Electronics,Trip,15,319.25,4788.75,East
be9ade70-929f-4aae-b3c3-15ed7272c01c,2024-10-30,Electronics,See,18,201.87,3633.66,West
371cc1b6-41f3-4549-b545-ec8dd9a5373f,2024-07-22,Clothing,Even,16,137.93,2206.88,East
ccac0a7b-9d4c-47bf-a922-037d00c41059,2024-12-30,Home Goods,Network,18,291.08,5239.44,West
89622f2f-d956-4347-acd4-7a35af28824e,2024-06-17,Home Goods,Resource,2,27.74,55.48,West
102b33b7-a902-44ca-907d-48d93f205f22,2024-10-16,Electronics,Nearly,4,465.07,1860.28,South
f170ae5a-593f-453d-8373-969b366c47b4,2024-05-15,Books,These,15,5.33,79.95,West
e04795fe-5957-47ce-8fdc-083ba6202f7e,2024-09-17,Clothing,Card,5,441.66,2208.3,East
d7ba38d8-4154-40ed-a96d-e2a7f484a5c1,2024-07-12,Clothing,Just,9,51.2,460.8,East
7f61d123-ef2c-4135-8892-10c3acf0a4dd,2024-05-16,Home Goods,Property,3,189.06,567.18,South
0da1951c-5174-498c-8c55-81b0967c2b4c,2024-03-01,Electronics,Sit,13,314.67,4090.71,South
3a4bb08e-ab85-43ec-a715-d3577585dba9,2024-04-17,Books,End,3,353.33,1059.99,North
f9e01a1a-2df1-4f12-b3be-79bac9078e53,2024-11-02,Clothing,Girl,16,43.58,697.28,South
a6f5af7d-5e06-4552-805d-6f8c054ca27f,2024-02-20,Toys,Where,15,9.6,144.0,East
7aaf4a8f-dd8b-4341-a236-8601ff863a1a,2024-07-13,Electronics,Those,14,348.55,4879.7,West
05b94be7-865f-4781-9f58-60dfbe5f71d8,2024-07-05,Electronics,Court,8,194.62,1556.96,North
452d1f98-87e0-4654-992f-08dc02ca0768,2024-10-16,Electronics,Phone,11,186.94,2056.34,East
9956df5b-2e9d-48c5-8f36-c480612732dc,2024-04-13,Clothing,Another,13,387.86,5042.18,South
199772be-a382-4b38-bdcb-691920056a3e,2024-11-19,Clothing,Show,3,267.6,802.8,North
d8b8460c-a441-4f35-ac92-2988da99ca90,2024-09-06,Toys,Goal,6,222.85,1337.1,South
8d3c46d2-467d-4550-a00e-d009b25f0dc3,2024-07-23,Clothing,Walk,14,309.96,4339.44,West
1266e6f8-af24-4b58-a438-0ba357e0f0df,2024-09-25,Clothing,Turn,3,448.81,1346.43,South
5fafa13c-ce04-4b8f-b651-5d95d7d3b6e2,2024-07-22,Electronics,Current,19,366.35,6960.65,East
bc87b950-a71c-4ca5-916b-cc0998960f6b,2024-01-23,Books,Sometimes,11,396.58,4362.38,South
58e1d22b-7a80-40a6-9b2d-60d4326f821d,2024-11-04,Home Goods,Us,3,127.84,383.52,East
2cf3cd3f-757a-4ddf-a56f-4c6fe87583b7,2024-05-15,Electronics,Through,10,106.7,1067.0,South
51ecdaaa-0afc-4fd0-b9c1-f14e4137859c,2024-08-22,Books,Very,10,324.85,3248.5,South
8bf77f3b-53e4-4665-82d0-78466cfb2175,2024-02-24,Books,They,13,60.81,790.53,West
64c0e286-b9f7-4720-9e5c-713e71635b1d,2025-01-09,Toys,Citizen,3,266.5,799.5,North
2aef1eda-7e43-4aa3-b577-cea0932307eb,2024-08-04,Home Goods,Question,11,70.33,773.63,West
8dc2f451-66e8-4a9d-91d6-b33f637e8e33,2024-03-19,Home Goods,That,18,343.06,6175.08,West
f1cda34a-0960-475b-bed8-ac6045c53963,2024-10-23,Electronics,Or,1,295.74,295.74,North
74ff7065-d94e-4c7d-8b7c-0125ebc78db6,2024-07-29,Home Goods,Suggest,7,24.71,172.97,North
dac0b7b3-d6ba-4d5c-9335-964f1a72e4d1,2024-12-05,Books,Remain,17,146.81,2495.77,West
ed9cfa85-aa9f-4c35-bc47-52a1a86405b5,2024-02-19,Books,Reveal,13,45.8,595.4,South
d770e4c7-d63b-4022-a6e9-f63989476cd0,2024-07-28,Home Goods,Claim,3,158.4,475.2,South
e98d9eb7-903d-4b8e-a8ca-0fd1d115264b,2024-07-09,Clothing,Reveal,18,166.74,3001.32,North
8f69dc25-7ee3-452d-84df-1c20a3a2f664,2024-10-22,Home Goods,Local,14,366.33,5128.62,South
180c27a4-8989-473a-adfd-fc03f2ac7025,2024-04-12,Electronics,Rest,8,47.68,381.44,West
4d4f69cb-9994-4167-b72b-8cdabd48b7f1,2024-08-20,Electronics,Friend,15,308.09,4621.35,North
0903979b-2f41-4b32-886b-8a7a29ad55d8,2024-09-26,Home Goods,School,6,64.12,384.72,South
a3dab454-e860-482f-a3ed-379b71f1c5d9,2024-09-20,Electronics,Amount,6,250.72,1504.32,East
4df5a095-adf0-4d86-9b93-886c6f148d67,2024-09-05,Toys,Weight,17,392.58,6673.86,East
f9402cec-1fdd-464b-8dde-455f78c6af8f,2024-03-27,Clothing,Kid,12,67.83,813.96,East
17945ddd-4561-44ea-b2dc-60ddc4006198,2024-08-20,Electronics,Protect,1,170.83,170.83,West
f616493c-3dda-4373-8dd9-e7bea216b218,2024-12-08,Home Goods,Fact,17,36.62,622.54,North
f5aedadf-070a-4132-a5c3-d34012ca95c2,2024-04-30,Books,Boy,15,257.84,3867.6,North
2a9c9acf-87e8-4892-8005-372137e39171,2024-06-04,Books,Owner,19,87.61,1664.59,South
7e34db0b-8264-4f4a-a1f9-27e26a33b002,2024-05-03,Home Goods,Air,4,447.66,1790.64,North
7980d0c9-4e07-4726-a114-87f27a776191,2024-06-15,Clothing,Area,17,6.27,106.59,North
af2dc507-97a0-4376-b85f-a9b0cabbd4ba,2024-04-24,Clothing,Nearly,2,238.52,477.04,West
2de66b19-2906-400b-84b1-7edcc2014bf0,2024-01-28,Clothing,Between,6,465.92,2795.52,North
3c639925-cb2f-4f7b-b61b-542143c9a978,2024-02-27,Toys,Collection,14,116.14,1625.96,South
63167f3d-024a-4b4d-bfbb-cf47f09df911,2024-03-18,Books,As,11,139.27,1531.97,North
1b330c67-864f-4401-ab73-dcf28a5491f4,2024-09-20,Toys,Just,12,64.1,769.2,North
d490511d-9693-47d2-a124-dc9d14069346,2024-12-24,Clothing,Be,8,403.15,3225.2,North
a2074c79-d6c1-4aac-a7c0-3e3cbe3ca5b9,2024-09-01,Books,How,3,439.11,1317.33,East
eaf9b996-652c-4938-8c41-6ca78c1564f8,2024-03-31,Home Goods,Peace,11,47.76,525.36,West
e0498ec6-f726-4566-94ab-955c3869f57d,2024-03-05,Electronics,Special,12,104.33,1251.96,East
a1e6fd4b-c338-4503-bb0f-54f1119cffe0,2024-02-12,Toys,Eight,8,234.64,1877.12,West
7d73b1cb-b930-4b8b-bee6-034bc97a88d4,2024-01-21,Clothing,By,18,381.44,6865.92,South
08b70018-efdb-4057-a617-b2f51ef3d854,2024-07-05,Clothing,Get,1,466.54,466.54,North
3e38fd15-349c-4b4f-be29-87f8fff38ccf,2024-07-07,Clothing,May,18,176.48,3176.64,North
739e41b4-4abc-4d9c-8dc1-76b7925f42a6,2024-12-09,Home Goods,Those,1,380.67,380.67,West
1846173d-ce4b-4aab-9142-be5f1e7074f5,2024-11-07,Home Goods,Decide,4,106.57,426.28,South
5615dfd0-0258-40e0-a279-e230d57c717c,2024-02-12,Books,Add,16,480.79,7692.64,South
9c6ab63c-46a9-4d66-ae8c-58400155a13b,2024-04-09,Home Goods,Dinner,3,26.73,80.19,South
9acac743-de93-445d-9ba7-07a6a15e151d,2024-04-03,Toys,Century,14,351.92,4926.88,East
a1ddeb5d-a51c-44f5-8255-b6a8f866b978,2024-10-27,Books,Check,3,292.48,877.44,South
83917f50-8feb-4c50-8040-f138a7633e70,2024-06-16,Books,Successful,3,297.99,893.97,North
5998680a-d22c-437c-9902-c02724545397,2024-12-21,Books,Maintain,5,122.2,611.0,East
0d8595e6-2a78-49e5-86cd-65116ddd83c3,2024-08-14,Home Goods,Defense,13,351.86,4574.18,East
7e21bde1-7865-490b-915c-71d0b042c90e,2024-12-22,Home Goods,Doctor,15,139.62,2094.3,North
8a6fd36f-774d-4687-83e9-5c129903d73c,2024-04-15,Clothing,Yourself,5,391.07,1955.35,North
60494ecd-01de-4e7c-965f-aab2b81c5228,2024-02-02,Clothing,Rock,4,86.37,345.48,West
57dc9368-e874-4465-a3a9-b7480f20f023,2024-03-08,Home Goods,Fine,14,64.76,906.64,East
cc680839-f0b4-4324-920f-2f694b55556a,2024-03-06,Clothing,Receive,15,157.61,2364.15,East
37e9946e-8014-4cf2-9037-eebd9e939b70,2024-06-01,Electronics,It,3,83.02,249.06,East
78b52b4f-8f14-4937-8637-fc9f8d36febd,2024-09-30,Toys,Reality,2,111.44,222.88,East
c5aabe4e-0eae-4ee3-87ae-df2d831ea593,2024-04-12,Clothing,Exist,3,357.02,1071.06,East
499ab916-0d92-4441-88dc-ef27cbb07f9e,2024-05-06,Books,Class,17,29.23,496.91,East
35c4d629-75c3-4faa-9964-a396d5e684d7,2024-10-05,Home Goods,Drop,6,20.39,122.34,West
e73d50da-6844-405d-b0de-4c4bde76873c,2024-05-04,Books,See,18,375.3,6755.4,South
7e00f103-70da-4eeb-be2b-96f7b21fc0a2,2024-04-09,Electronics,Nothing,15,55.44,831.6,South
a106c659-681b-49c7-8871-5c0dfe85afbb,2024-05-01,Electronics,A,1,35.53,35.53,South
857d3799-7956-4db4-9e91-5e6b525f5625,2024-10-11,Clothing,Enjoy,7,412.72,2889.04,East
144110ac-5168-4cb5-a92e-5d538ff48618,2024-07-31,Electronics,Find,19,295.13,5607.47,North
6b62d9cf-0513-48bd-825a-74083e160feb,2024-09-25,Electronics,Be,3,102.89,308.67,West
1dc4cf1e-5188-4a38-ba4d-390782a4424f,2024-11-02,Clothing,Choice,3,453.01,1359.03,East
5fc974c4-a133-4798-9f6d-0ec0d47f3afb,2024-10-21,Electronics,Explain,2,471.43,942.86,North
7a42d735-8a9e-440f-b517-123b6d102838,2024-03-31,Clothing,Sea,19,219.41,4168.79,West
dfb0d79c-cb8a-4cff-9167-184a67cf58c1,2024-06-01,Books,Her,1,194.45,194.45,West
49b2f5b6-ec58-4715-afed-d3da22a70692,2024-03-14,Clothing,Floor,12,111.28,1335.36,South
385ac5ed-d7e5-424c-9f07-af557bdb11b9,2024-02-21,Home Goods,Have,9,225.78,2032.02,South
c983fea3-6122-4984-9025-fa64ba62abe0,2024-09-20,Electronics,Believe,20,311.49,6229.8,South
40c25a6c-19c6-4368-bc33-8c7e9573f2bb,2025-01-01,Home Goods,Laugh,16,208.94,3343.04,West
0ba8fb26-b26f-4fcd-b508-54452049d037,2024-05-22,Electronics,Debate,3,143.49,430.47,South
a4cfa88f-aae5-4dcc-b714-181b874f24cb,2024-05-23,Books,Stay,7,323.11,2261.77,South
feb020db-f915-49e9-a04d-b7a15095ba0a,2024-06-26,Toys,Now,1,494.75,494.75,East
31ad26a4-07ef-4332-8727-a26f36dd9b64,2024-03-20,Books,Product,18,391.81,7052.58,East
aaca98b1-1575-424c-84b2-91832fd777a8,2024-08-31,Toys,Just,17,164.19,2791.23,East
27baa66d-8a0f-4fef-a4a2-46fefe0556d7,2024-02-19,Clothing,Not,1,162.84,162.84,South
16745ee2-575f-4875-a50c-0da2ab471b5c,2024-02-05,Electronics,Order,9,34.0,306.0,West
c53608aa-7581-40db-a7e2-ab9f447f6e92,2024-07-28,Toys,Wrong,12,384.59,4615.08,South
ac56af5b-55ae-4d31-9ee6-2afd36a64800,2024-07-21,Clothing,Age,4,127.69,510.76,South
f2bccf9d-bdfa-4e7f-82a9-0a2ae07114b1,2024-12-09,Home Goods,Budget,18,409.06,7363.08,North
eafe73bd-9465-49a5-a49a-90bcd8ce7464,2025-01-13,Clothing,Nearly,19,424.02,8056.38,West
20d3b71d-1122-417d-91ec-b8679cfd6d67,2024-10-28,Home Goods,Option,6,92.17,553.02,East
9c3b4490-f561-49be-b993-0b1ab51c3ffc,2024-04-21,Home Goods,Black,19,18.96,360.24,East
ca6dde11-c86a-40b5-a3a2-62c1157da1cd,2024-02-27,Toys,News,19,75.34,1431.46,South
ae81636c-6e13-465d-8e60-4dcaba8255a7,2024-08-17,Books,Perform,18,157.98,2843.64,West
5d9e36cb-8f90-4264-9575-91a05ce6e763,2024-05-07,Electronics,Magazine,3,32.8,98.4,South
dfc9d1f2-af27-436f-bc3f-c1f696998772,2024-12-26,Electronics,Space,17,241.6,4107.2,East
9f2562e8-4054-4d17-8c66-cfb33f957eff,2024-03-19,Toys,Attention,7,404.19,2829.33,East
5179b9b7-7fcf-45f3-b8d4-684ab6da9786,2024-08-02,Clothing,Number,11,34.48,379.28,South
6cb9d6b3-08a0-4d3f-b690-a27f63adfd83,2024-02-02,Toys,Blue,5,388.31,1941.55,East
489d7d7e-643f-4a36-89a2-3d6f2e90b3be,2024-09-24,Electronics,Quite,12,353.75,4245.0,West
a147ee2c-f3d1-4fb6-bab7-fd409ed2bf5b,2024-09-27,Toys,Learn,4,171.6,686.4,East
cb2287b2-7af8-4c63-a708-8c7dae8fc4da,2024-09-21,Clothing,Present,6,367.51,2205.06,West
7deba821-9d60-47a3-8ddf-d42c49b8118f,2024-11-16,Books,Meet,11,91.23,1003.53,East
871996ee-796e-49cc-8ccf-2e6477d7d445,2024-07-15,Clothing,While,19,408.15,7754.85,West
eed557ac-b4c1-410e-8276-e8f8200934d3,2024-02-29,Home Goods,Bag,10,68.04,680.4,North
e7fdb5d6-7b85-4ec5-a9ba-f7c3faeec64d,2024-03-08,Toys,Teach,13,426.12,5539.56,North
2f69d919-5fac-46af-a0cc-b06d45e343b6,2024-02-06,Clothing,Protect,20,162.52,3250.4,South
d6627fcf-f889-4b4c-8735-7dadd4af8059,2024-12-09,Toys,Glass,4,468.66,1874.64,South
b5bb6c94-0f6d-441f-8b68-bd085fa496cf,2024-09-12,Home Goods,Glass,3,122.81,368.43,East
004360d7-ef79-46ac-970f-00d3094831f7,2024-08-15,Clothing,Although,3,411.72,1235.16,East
28009bd6-00c5-4db0-8e4e-7a8fe7b14a28,2024-09-16,Books,Doctor,1,136.28,136.28,South
8d5f67e8-9bce-448d-b693-cb6fda997cc6,2024-11-14,Electronics,Whatever,12,132.05,,North
3bd53436-21c2-4c7a-afd1-df2a96a9e276,2024-06-17,Electronics,Player,2,196.04,392.08,West
82d1a438-b39d-42ec-8368-b3ac14c9a84a,2024-01-26,Clothing,Trip,14,249.08,3487.12,West
83bef74f-6b03-46db-9935-8a322d3da51a,2024-09-08,Home Goods,Much,18,190.8,3434.4,West
26f7b8cf-4097-43de-979d-82e49ed9ba25,2024-08-31,Toys,Woman,8,85.51,684.08,North
2efc8ee4-3ba5-48c2-b71a-fea2e3046bec,2024-05-20,Electronics,Since,10,14.94,149.4,East
9a6c87de-c2b8-4b53-bf8c-7a5bcbc68d5f,2024-11-19,Electronics,Child,3,174.2,522.6,West
dca42ade-2b0f-4afe-a1db-2c5b1b325d54,2024-08-06,Clothing,Be,3,275.79,827.37,North
c78e0db3-25c9-44ba-973e-11698ab7284d,2024-10-08,Home Goods,Keep,20,492.71,9854.2,West
02d825cd-bfbe-4079-ab1b-e95eb12e7fec,2024-09-10,Electronics,Second,14,471.51,6601.14,South
30e0edfd-aa83-4130-9f53-b60ed8692a48,2024-08-01,Toys,Early,14,82.77,1158.78,North
e84966aa-9d42-4dd7-ab4e-3f185ca4849b,2024-08-10,Home Goods,Know,7,487.33,3411.31,West
dcd04a42-a0e1-483e-8303-eb23b5100bda,2024-03-12,Toys,Better,18,136.31,2453.58,East
e2618a86-6855-4421-80a7-e89e713015e0,2024-11-24,Home Goods,Owner,8,52.48,419.84,West
7f574975-4555-4e43-8dac-d108993c94cf,2024-12-22,Toys,Medical,18,420.73,7573.14,South
4828c82e-afe2-4c1e-8fa9-f5bb344ce52f,2024-02-22,Electronics,Including,12,6.89,82.68,North
4794718f-bb04-4130-91dc-c394875059be,2024-12-07,Home Goods,True,20,242.76,4855.2,North
07121e36-69a4-46a6-9f87-e8e5700e238b,2024-05-05,Electronics,Face,7,89.56,626.92,East
62db75ad-a7e2-4c58-b33e-4d08df4579c0,2024-10-20,Electronics,Something,16,422.67,6762.72,East
ddd5b3e2-1e67-49f4-8b3d-5fd4a4df092f,2024-03-18,Books,Benefit,16,247.1,3953.6,East
e6b3a8cc-7cfe-483b-b323-370133414ca6,2024-11-14,Electronics,Would,18,196.83,3542.94,East
ed8b05f2-e1fd-437a-8df7-f19dc2032fb0,2024-07-18,Books,Fear,12,97.36,1168.32,North
3866e86b-8dc8-4c9f-bb51-f944b97c5a20,2024-09-17,Home Goods,Let,15,235.2,3528.0,South
ff041139-b899-4204-8210-4127e0f74eef,2024-09-05,Home Goods,Summer,19,35.51,674.69,North
4276620b-a2d6-4bd3-a605-503c4bbf5c01,2024-06-15,Electronics,Past,12,405.05,4860.6,West
322ac446-8b54-40dd-a256-caeb155e4da1,2024-08-31,Toys,Size,8,279.03,2232.24,West
3a551b89-3f8e-4ed6-98b3-8e99922f9167,2024-01-21,Toys,Stock,14,482.99,6761.86,West
5148fc3a-80ea-4daa-9ac2-39dd24465ab8,2024-03-21,Toys,Explain,8,240.75,1926.0,North
7c84d706-713c-455d-8d6f-1f646a7b3f99,2024-07-26,Books,Outside,2,253.54,507.08,South
70bd10ad-8943-4bbc-badf-6524000c7e10,2024-05-26,Electronics,Amount,15,90.58,1358.7,South
df8eee9b-9bf1-41f7-9911-14afdcd07103,2024-02-23,Clothing,Matter,7,67.46,472.22,West
9a2ef336-054e-4daa-b6df-59aaabb93003,2024-03-24,Electronics,Tell,14,104.95,1469.3,South
14a4bd6c-2d95-444b-a633-490c61539721,2024-12-26,Toys,Simply,9,163.28,1469.52,North
eaf2aa11-7119-4a78-8398-37202761c87a,2024-01-30,Electronics,Evening,13,280.4,3645.2,East
d0806e63-ba1b-4bc9-a1b1-bc9d3abe7039,2024-04-26,Home Goods,Ground,17,231.79,3940.43,North
fb122710-bb1e-4625-903d-75ee44246011,2024-11-30,Toys,Us,19,263.67,5009.73,West
d485352d-4238-4aa6-ab54-5ce108562133,2024-09-16,Electronics,Address,14,79.07,1106.98,North
5ccf5f24-b3b3-497e-ba9f-72adba7b925d,2024-02-15,Electronics,House,19,390.87,7426.53,East
a3ffc82a-54cd-4c78-9c6c-6149465fa45d,2024-02-23,Toys,Every,12,439.56,5274.72,East
82b08ecd-b2a6-472d-8121-8cae71978dc9,2024-09-14,Books,Grow,16,288.15,4610.4,West
db7e6efa-886a-4b29-8427-6b2bb1f34da0,2024-10-03,Electronics,Together,6,141.33,847.98,South
d2f34a4e-8034-4022-b34c-478bf9dbfcc3,2024-07-05,Toys,Day,20,342.0,6840.0,West
690d3532-5324-4336-8018-9755b1a93787,2024-07-15,Electronics,Lot,13,445.34,5789.42,East
da56a327-091d-49e7-b93b-a1f8a9154f1c,2024-12-15,Clothing,Ahead,2,374.15,748.3,East
c7696c79-238e-4ee9-b6be-1686a1073fc3,2025-01-03,Home Goods,Culture,1,172.24,172.24,East
62df672a-2893-48a6-8e86-c0b9fdda5089,2024-11-17,Home Goods,Center,9,422.21,3799.89,North
d4f714da-edfb-4239-a161-5ac664079e3a,2024-10-10,Clothing,Require,5,153.74,768.7,West
dcd23644-3d20-4027-8e34-ed07341ed9fb,2024-06-05,Home Goods,Much,9,365.76,3291.84,North
16f4c2fa-fba7-4ec0-b8f1-3aa407e9571b,2024-05-10,Clothing,Look,15,109.64,1644.6,West
2237c852-f196-45aa-8907-351e1e239e0c,2024-01-29,Books,News,17,434.26,7382.42,North
8fac7dc7-91e7-4b0a-85c5-f5a87cae9292,2024-11-01,Toys,Successful,6,37.48,224.88,West
eef5f074-c729-425f-af56-274477a16e30,2024-02-18,Clothing,Lot,17,440.27,7484.59,North
20bb086b-7b72-42f0-b6f0-886bca659531,2024-04-28,Clothing,Reveal,7,438.21,3067.47,South
6ccbe690-7e75-442c-a566-3545b8c89f32,2024-05-23,Electronics,Peace,8,21.37,170.96,North
eaf9767b-7eee-4cb8-af73-a88851d7f1f9,2024-10-30,Home Goods,Possible,7,140.62,984.34,West
ffbece03-510f-40f4-80cf-587ead52bcfd,2024-03-09,Toys,Performance,13,319.53,4153.89,North
1c445f90-6e46-4366-a4ec-b98ad80ab818,2024-08-09,Electronics,Major,8,189.37,1514.96,West
52a91eab-4c20-4e68-b9dc-2e70a95414af,2024-01-25,Clothing,Send,16,295.51,4728.16,East
a88fd820-c7a1-456a-b73e-c2fff8544311,2024-10-13,Home Goods,According,6,419.64,2517.84,East
39a3a479-95b3-437f-97fa-67757c6c2098,2024-03-14,Electronics,Physical,10,18.59,185.9,North
94bfdba8-fbca-4f58-8dcb-183dfc9aa488,2025-01-12,Clothing,Present,19,391.02,7429.38,South
376b5e9c-912a-4297-a666-c70afcc54943,2024-09-09,Clothing,Respond,8,340.46,2723.68,East
60b6c331-4d3c-433d-8971-86b0764d1927,2024-02-15,Books,Who,17,14.93,253.81,North
6a94283f-857b-4d10-9e88-8c7dfeccaa02,2024-10-31,Books,Rich,5,325.45,1627.25,North
80df3c60-5390-4a85-891b-68d39ff2e206,2024-03-21,Clothing,Fund,9,306.13,2755.17,East
9489f0ec-7e6a-4837-b8b5-fa88836884c5,2024-11-06,Home Goods,Pm,14,448.26,6275.64,East
f3f2b5c2-7296-4967-ab2c-29e1c93fece9,2024-05-17,Books,Middle,9,113.01,1017.09,East
f288e039-274c-4695-89b7-e29d6605e888,2024-01-23,Toys,Than,20,201.59,4031.8,North
b5a63725-d954-43e2-a868-37f172901783,2024-12-23,Electronics,Add,17,499.72,8495.24,East
80a6bcc8-95da-4488-a9b2-6b33c1b8efe7,2024-12-01,Toys,Attorney,20,306.48,6129.6,East
49d6dec5-4f9b-4cf6-b835-d00d08486c58,2024-08-11,Electronics,System,16,36.6,585.6,East
0ec304b8-3599-48b0-8c90-f46d8a3cf93c,2024-07-18,Home Goods,Kid,9,134.27,1208.43,East
02835e9c-0b5d-445c-9a53-7a00a32b4d8e,2024-02-12,Clothing,Make,5,261.06,1305.3,South
ade3d62c-ef79-4ce0-bd79-3148c7797ad8,2024-09-15,Electronics,Throw,20,205.03,4100.6,East
dc6773b4-9de9-48db-ac38-1ac0fcf2ce79,2024-01-30,Clothing,Or,1,329.42,329.42,East
2c4495a3-acfb-4cc0-9031-b7900355d6ea,2024-02-24,Home Goods,Support,14,205.28,2873.92,North
608de16a-703e-4979-9afb-17918cbe2cb5,2024-03-26,Toys,Article,19,408.93,7769.67,East
f461ebd9-f8d2-4888-ac2b-b61d63ef2b2e,2024-08-18,Clothing,So,18,320.97,5777.46,West
930ee625-a275-470e-85c7-b7dc0fe486f9,2024-02-17,Home Goods,Join,17,153.6,2611.2,South
a49f5c90-51a8-4391-8cb7-529f31c47db7,2024-08-17,Toys,Check,6,150.42,902.52,West
152d3a75-230d-4c5a-8f6f-4bfce2679e37,2024-09-13,Clothing,Ten,9,363.97,3275.73,South
ffb04177-4e42-42e1-bb82-32c7f73857ac,2024-08-15,Home Goods,Early,3,115.02,345.06,South
541c376c-6480-45b9-aa32-4546a7e5580b,2024-06-15,Home Goods,Account,14,395.1,5531.4,East
664bd39b-bd0c-462c-b070-fb490b87f1fd,2024-04-22,Home Goods,Save,9,294.86,2653.74,West
134e4865-7bb6-47fc-b1c1-78e6d6ff7dc5,2024-12-06,Electronics,Start,16,31.57,505.12,North
2ed5a433-0c4f-499f-b935-89bcd1b8a4cb,2024-12-12,Books,Great,7,252.74,1769.18,West
87c8cab2-b0d6-478d-ac55-2a9ba6f5e7a8,2024-04-22,Toys,Event,10,209.49,2094.9,South
bb17d3a9-fdd6-4c98-ac35-484db2119c65,2024-03-08,Clothing,Send,7,174.62,1222.34,West
ddeac6c1-7013-4c95-a8e8-4679ef135ab9,2024-02-29,Clothing,Hospital,11,431.89,4750.79,South
1056d4ec-3e32-43a0-b2f9-4108a1b14e6a,2024-06-22,Electronics,Including,16,169.65,2714.4,South
8dd11886-f718-4156-a0b4-a367af6183cd,2025-01-09,Home Goods,Among,2,7.33,14.66,East
0de881f2-2b27-4b5d-8db1-954d1fd4c705,2024-03-28,Clothing,Pull,6,290.26,1741.56,South
ccf7d952-da10-41ab-9b57-70b497f18b8b,2024-02-15,Books,Toward,3,69.06,207.18,West
924b5136-1a23-4187-b32a-04bf546b7bb9,2024-05-01,Books,Machine,13,217.37,2825.81,West
138bbf56-7022-4560-9122-5af96fa689d3,2024-11-28,Books,Partner,1,23.67,23.67,South
c456c791-d9c9-4726-8f49-47c58e5e3b4b,2025-01-18,Home Goods,Represent,1,446.54,446.54,South
f78839e1-ad07-48f1-aff2-ed25f6aace14,2024-02-03,Electronics,Risk,1,315.21,315.21,South
0763b9d2-8414-43fe-bc58-8ca079a09396,2024-08-27,Clothing,Plan,12,159.49,1913.88,North
7b1315ff-a65c-45ef-b7ca-e6ecef1696a3,2024-08-12,Books,Happen,17,296.39,5038.63,South
9b4aaea0-047b-4ba3-9881-c07fe8b52fb9,2024-04-18,Electronics,Buy,2,152.61,305.22,East
e1dbc04f-4f9b-4a71-9fdc-110c85f20e4d,2024-11-12,Books,Begin,17,300.2,5103.4,East
49502b3d-eb62-4779-8d09-1e8687d21318,2024-05-26,Books,News,5,174.65,873.25,West
641cc62c-7127-464b-9acf-f6f16473be1e,2024-12-16,Home Goods,Executive,7,86.62,606.34,West
89b57656-f77e-4b24-b9d8-3ac6936e9d4d,2024-10-02,Electronics,Edge,8,116.04,928.32,South
45ff2f29-62a9-4c13-9b1e-045d53c6ddf8,2024-03-05,Clothing,Support,1,296.9,296.9,South
2909cd33-4b75-4162-8442-a6f2613a381b,2024-01-21,Electronics,Few,12,357.0,4284.0,North
2192a437-2ac6-4ed0-a009-620e8e21f08e,2024-03-14,Books,Member,9,386.77,3480.93,North
e6ab7e8f-bd3c-4341-854a-4c6546988c14,2024-03-15,Toys,Seat,2,332.68,665.36,North
a5bf9d31-1cae-4b31-bc14-1c942083a74a,2024-05-14,Electronics,Nearly,4,211.3,845.2,West
ca72823a-14bc-4ed4-b1c6-1945813f464e,2024-02-18,Electronics,Continue,18,130.11,2341.98,South
677db40e-d417-4228-9506-64d8f067de3a,2025-01-07,Clothing,Officer,1,154.05,154.05,North
fb946d29-5b4a-4db5-a3f6-646badaf0311,2024-09-20,Toys,Give,9,313.28,2819.52,South
93e13808-a4c4-4f1e-88d4-1405d8284d5e,2024-07-19,Books,Stop,4,258.23,1032.92,North
06907018-8e37-4ada-b3dc-f0eb95bdb8f4,2024-03-30,Home Goods,Clearly,4,393.46,1573.84,West
c2c75417-1a38-474b-ad44-6552b94df392,2024-03-19,Clothing,Half,20,103.88,2077.6,East
bc981abe-88ee-482e-a4f5-00340cb7bfb8,2024-07-22,Toys,Fight,7,182.17,1275.19,West
38b8f3a6-45d8-42e5-a0d5-20edddde03aa,2024-10-09,Home Goods,Song,6,24.51,147.06,West
826c8e4d-a54e-4185-a2cb-862f9f190753,2024-12-11,Clothing,Age,16,168.65,2698.4,North
a0acd6e2-54df-449e-9040-6658f1b35451,2024-08-01,Electronics,Care,3,453.91,1361.73,West
07bc9a72-5f53-42ce-b383-0431ec89d4b5,2024-08-11,Clothing,Send,3,390.87,1172.61,North
2e34d020-845f-457d-9b57-3784318a116a,2024-08-05,Electronics,But,9,323.95,2915.55,West
72a51a82-644f-40b2-8680-b2fd075b5141,2024-06-09,Home Goods,Sign,9,234.82,2113.38,North
8b3d15ea-2134-4989-894f-a42902cb5167,2024-02-27,Clothing,Final,2,426.86,853.72,East
7c7f5b6e-578e-44ab-829a-6f9ea1517189,2024-04-05,Home Goods,Into,14,370.58,5188.12,North
49729443-d362-4c49-959c-75ff3b69ce2a,2024-03-09,Electronics,Occur,1,426.74,426.74,South
6134f53d-7c1e-42ec-8842-52848327df43,2024-06-29,Home Goods,Seem,12,447.79,5373.48,East
e9acc321-5fcc-4608-acf8-fccef414505f,2024-04-02,Electronics,Reason,12,408.41,4900.92,South
a0a8de7d-a079-43c7-8020-a44ee565a227,2024-06-18,Electronics,Move,13,203.12,2640.56,West
6527f35c-c0a0-4759-8575-55dbf5814d2e,2024-05-02,Home Goods,Ok,13,346.5,4504.5,West
7376076f-29a6-415e-a4b5-ffe76721f4ce,2024-10-12,Books,Environment,6,60.96,365.76,North
190688f5-cece-4daf-9025-d866ca97e808,2024-05-02,Clothing,Entire,4,210.93,843.72,West
2782bc14-504e-4f9c-9fb8-1b341a66d9be,2024-09-08,Toys,Human,15,94.72,1420.8,West
8a600cb3-9bb4-417f-a5e6-68364fee0e14,2024-07-30,Home Goods,Structure,20,19.26,385.2,South
2166e68b-f4f4-40ba-938c-b2549b22e78f,2025-01-19,Books,Often,16,60.9,974.4,West
ce733538-dba9-4bc3-be8a-2d7611818ba2,2024-08-05,Books,Black,2,36.35,72.7,East
955ea4ce-ef91-46d4-adca-702cce29568f,2024-06-02,Electronics,Experience,17,384.93,6543.81,South
c44da244-1dd4-4ddb-8f9b-c6c20720b8ed,2024-08-15,Home Goods,Investment,17,263.94,4486.98,North
e5d851e7-0a55-4433-a5da-e514df5a703d,2024-07-19,Books,Situation,8,243.56,1948.48,West
7f5d96f4-c883-4ce4-9bd8-67d6ce9eb8b8,2024-04-14,Clothing,Hot,18,446.57,8038.26,North
0fd20995-7f44-46bf-9186-518300ce2c9f,2024-07-13,Electronics,Tough,6,255.26,1531.56,West
f11c45cc-5238-4cfc-84a5-674cb26ae314,2024-04-08,Books,Economic,6,42.06,252.36,West
3702e962-0a7a-4d14-b198-adb7167f3816,2024-03-13,Home Goods,Strong,8,168.79,1350.32,East
4b7507d2-ea86-49dd-bf8a-761b1eecd3b1,2024-04-04,Electronics,Fire,17,115.24,1959.08,West
b85e618e-efc6-47c2-9ace-1f95111c9abf,2024-03-18,Books,Section,8,44.02,352.16,West
73cb76a5-3bf6-461a-8bda-0d1f23ddc6e7,2024-05-06,Toys,Majority,15,48.57,728.55,West
08687811-ab3b-4ada-ba46-dc2f690aed39,2024-10-13,Books,Play,11,63.76,701.36,West
1a6447ec-5bd8-474a-9ec0-6c3d09a914be,2024-04-13,Electronics,Surface,4,204.7,818.8,North
231ad391-eeb7-4a1e-b9ba-6082c4a4ff9a,2024-09-24,Toys,Full,18,5.08,91.44,North
7d91e274-e5ae-4238-81ba-8a23ffe74fb8,2024-12-07,Toys,Child,20,320.58,6411.6,South
7d20347a-dd90-4f18-bf73-02f1af093965,2024-04-05,Books,Arrive,11,184.85,2033.35,North
8c430f62-e174-46e0-b1f2-bead673fe12b,2024-05-24,Clothing,Bit,15,169.33,2539.95,West
8525442f-0e0b-4196-971c-9f660a1cd0b0,2024-09-05,Home Goods,When,15,61.44,921.6,South
c09e018b-b767-437a-92ed-3a0757c13302,2024-05-24,Electronics,Price,11,180.79,1988.69,East
3712322e-0afa-4af9-b6eb-1bdcfc93b35d,2024-11-28,Toys,Church,17,190.08,3231.36,North
6750b40c-7b9d-4bf8-bc43-13240a27c84d,2024-02-01,Electronics,Save,6,248.75,1492.5,West
bf2780e3-c0b5-4242-bf40-6cad0024d583,2024-10-11,Electronics,Pay,9,307.37,2766.33,South
ec28363f-fe3d-4183-84e9-108e6cc08071,2024-10-12,Electronics,Us,13,111.72,1452.36,South
162b3724-3136-4cf4-8689-22204e56c80f,2024-08-20,Home Goods,Green,4,379.79,1519.16,North
efcb5e1b-b2cc-4aa9-83ce-621a9e4e6326,2024-08-11,Toys,Beautiful,4,387.21,1548.84,West
9f7ede27-7523-4fa2-82b0-7cc9b620970e,2024-07-18,Books,Finish,19,478.31,9087.89,South
d4c60508-351a-41ff-8119-cd906f4e8987,2024-08-03,Books,Prove,1,267.53,267.53,North
57cb344d-9d02-438f-8271-f3c0fa9bd8de,2024-02-16,Toys,Herself,14,420.21,5882.94,West
b5f3731e-8feb-419e-a61d-09e1dacee342,2024-10-05,Toys,Clearly,6,347.45,2084.7,South
1c6d7d96-50eb-4c90-a7db-8a4300cd9caf,2024-12-08,Clothing,Others,4,196.77,787.08,East
03e5f646-a4d5-4ea2-9808-e7973f4410d9,2024-04-07,Toys,Letter,13,212.24,2759.12,South
3cd840c1-c532-4c4e-bfb5-91e880b303c1,2024-09-06,Home Goods,Prepare,13,481.98,6265.74,East
509fbef7-910e-4e96-830e-9367bbd09ce0,2024-10-07,Books,Physical,5,73.4,367.0,East
e493c643-f318-4c25-9705-9142a2c5545d,2024-12-14,Toys,Cold,11,357.38,3931.18,South
265b63b0-5aec-4da8-8b6f-38ffd370e2e4,2024-10-07,Clothing,Campaign,7,313.96,2197.72,East
ae20f322-cf44-409a-a063-f693b63b0642,2024-10-11,Home Goods,Social,5,490.76,2453.8,South
58d33433-f7a9-4d7b-b4e5-051177814c6d,2024-06-07,Toys,Find,18,348.68,6276.24,East
d8dfbfbb-2dd8-4ab9-b3c7-304ae7bfb6b3,2024-05-15,Electronics,Color,12,283.33,3399.96,West
ca814769-11fb-4946-8274-934f00d3fa20,2024-02-26,Toys,Off,10,439.35,4393.5,West
2cac9657-8ec1-4630-aae3-c5509bac12c2,2024-02-12,Electronics,Many,1,372.07,372.07,South
05b6b1f0-a0ce-42bc-b1a5-bdc267f46bf0,2024-07-13,Clothing,Rate,5,369.55,1847.75,North
d0554257-5cd5-4445-9d54-a309697b7594,2024-04-11,Toys,Modern,14,20.73,290.22,North
bb50c0c1-106c-4172-ae74-9f949c0ce005,2024-08-23,Clothing,Job,8,255.15,2041.2,North
e30109e2-3933-4f8b-aad0-61a17ac8d1d3,2024-12-11,Toys,Paper,7,359.43,2516.01,West
